,Stage Name Stage Name,Full Name Full Name,Date of Birth Date of Birth,Group Group,Country Country,Height,Weight,Birthplace Birthplace,Gender,geo_data
1567,Bahiyyih,Huening Bahiyyih,7/27/2004,Kep1er,USA,166,0,,F,"{'place_id': 227777, 'licence': 'Data © OpenStreetMap contributors, ODbL 1.0. https://osm.org/copyright', 'osm_type': 'node', 'osm_id': 64776641, 'boundingbox': ['46.2944754', '46.3344754', '11.0280288', '11.0680288'], 'lat': '46.3144754', 'lon': '11.0480288', 'display_name': ""Nanno, Ville d'Anaunia, Comunità della Val di Non, Provincia di Trento, Trentino-Alto Adige/Südtirol, 38093, Italia"", 'class': 'place', 'type': 'village', 'importance': 0.5936362638580924, 'icon': 'https://nominatim.openstreetmap.org/ui/mapicons/poi_place_village.p.20.png'}"
1188,Youngho,Noh Youngho,3/24/1993,SIGNAL,South Korea,0,0,,M,"{'place_id': 227777, 'licence': 'Data © OpenStreetMap contributors, ODbL 1.0. https://osm.org/copyright', 'osm_type': 'node', 'osm_id': 64776641, 'boundingbox': ['46.2944754', '46.3344754', '11.0280288', '11.0680288'], 'lat': '46.3144754', 'lon': '11.0480288', 'display_name': ""Nanno, Ville d'Anaunia, Comunità della Val di Non, Provincia di Trento, Trentino-Alto Adige/Südtirol, 38093, Italia"", 'class': 'place', 'type': 'village', 'importance': 0.5936362638580924, 'icon': 'https://nominatim.openstreetmap.org/ui/mapicons/poi_place_village.p.20.png'}"
313,V,Kim Taehyung,12/30/1995,BTS,South Korea,179,62,Daegu,M,"{'place_id': 298434923, 'licence': 'Data © OpenStreetMap contributors, ODbL 1.0. https://osm.org/copyright', 'osm_type': 'relation', 'osm_id': 2395674, 'boundingbox': ['35.6067585', '36.3271116', '128.3511837', '128.8994336'], 'lat': '35.8713', 'lon': '128.6018', 'display_name': '대구, 대한민국', 'class': 'boundary', 'type': 'administrative', 'importance': 0.6068760882482109, 'icon': 'https://nominatim.openstreetmap.org/ui/mapicons/poi_boundary_administrative.p.20.png'}"
1521,Yeju,Kim Yeju,2/1/2004,ICHILLIN',South Korea,0,0,,F,"{'place_id': 227777, 'licence': 'Data © OpenStreetMap contributors, ODbL 1.0. https://osm.org/copyright', 'osm_type': 'node', 'osm_id': 64776641, 'boundingbox': ['46.2944754', '46.3344754', '11.0280288', '11.0680288'], 'lat': '46.3144754', 'lon': '11.0480288', 'display_name': ""Nanno, Ville d'Anaunia, Comunità della Val di Non, Provincia di Trento, Trentino-Alto Adige/Südtirol, 38093, Italia"", 'class': 'place', 'type': 'village', 'importance': 0.5936362638580924, 'icon': 'https://nominatim.openstreetmap.org/ui/mapicons/poi_place_village.p.20.png'}"
800,Donghyun,Kim Donghyun,9/17/1998,AB6IX,South Korea,0,0,Daejeon,M,"{'place_id': 298430649, 'licence': 'Data © OpenStreetMap contributors, ODbL 1.0. https://osm.org/copyright', 'osm_type': 'relation', 'osm_id': 2349984, 'boundingbox': ['36.1833683', '36.4998754', '127.2463188', '127.5573621'], 'lat': '36.3497007', 'lon': '127.3849016', 'display_name': '대전, 대한민국', 'class': 'boundary', 'type': 'administrative', 'importance': 0.5655680674084383, 'icon': 'https://nominatim.openstreetmap.org/ui/mapicons/poi_boundary_administrative.p.20.png'}"
367,Jeongmin,Lee Jeongmin,2/1/1994,Boyfriend,South Korea,173,60,Suwon,M,"{'place_id': 298486293, 'licence': 'Data © OpenStreetMap contributors, ODbL 1.0. https://osm.org/copyright', 'osm_type': 'relation', 'osm_id': 2409182, 'boundingbox': ['37.2245287', '37.3510468', '126.9269693', '127.0898711'], 'lat': '37.2633325', 'lon': '127.0287472', 'display_name': '수원시, 경기도, 대한민국', 'class': 'boundary', 'type': 'administrative', 'importance': 0.5484276228502512, 'icon': 'https://nominatim.openstreetmap.org/ui/mapicons/poi_boundary_administrative.p.20.png'}"
919,Dylan,Park Yeonjae,7/26/2002,D-CRUNCH,South Korea,0,0,,M,"{'place_id': 227777, 'licence': 'Data © OpenStreetMap contributors, ODbL 1.0. https://osm.org/copyright', 'osm_type': 'node', 'osm_id': 64776641, 'boundingbox': ['46.2944754', '46.3344754', '11.0280288', '11.0680288'], 'lat': '46.3144754', 'lon': '11.0480288', 'display_name': ""Nanno, Ville d'Anaunia, Comunità della Val di Non, Provincia di Trento, Trentino-Alto Adige/Südtirol, 38093, Italia"", 'class': 'place', 'type': 'village', 'importance': 0.5936362638580924, 'icon': 'https://nominatim.openstreetmap.org/ui/mapicons/poi_place_village.p.20.png'}"
22,Jimin,Shin Jimin,1/8/1991,,South Korea,160,43,Seoul,F,"{'place_id': 358758805, 'licence': 'Data © OpenStreetMap contributors, ODbL 1.0. https://osm.org/copyright', 'osm_type': 'relation', 'osm_id': 2297418, 'boundingbox': ['37.4285424', '37.7014794', '126.7644328', '127.1837702'], 'lat': '37.5666791', 'lon': '126.9782914', 'display_name': '서울, 대한민국', 'class': 'boundary', 'type': 'administrative', 'importance': 0.6297939847554467, 'icon': 'https://nominatim.openstreetmap.org/ui/mapicons/poi_boundary_administrative.p.20.png'}"
114,Cao Lu,Cao Lu,8/30/1987,Fiestar,China,166,0,Zhangjiajie,F,"{'place_id': 298538337, 'licence': 'Data © OpenStreetMap contributors, ODbL 1.0. https://osm.org/copyright', 'osm_type': 'relation', 'osm_id': 3152588, 'boundingbox': ['28.8839104', '29.7921047', '109.6966273', '111.3318494'], 'lat': '29.373828', 'lon': '110.530142', 'display_name': '张家界市, 湖南省, 中国', 'class': 'boundary', 'type': 'administrative', 'importance': 0.50001, 'icon': 'https://nominatim.openstreetmap.org/ui/mapicons/poi_boundary_administrative.p.20.png'}"
322,N,Cha Hakyeon,6/30/1990,VIXX,South Korea,180,65,Changwon,M,"{'place_id': 299098011, 'licence': 'Data © OpenStreetMap contributors, ODbL 1.0. https://osm.org/copyright', 'osm_type': 'relation', 'osm_id': 7224484, 'boundingbox': ['35.0333962', '35.394254', '128.3479474', '128.8433535'], 'lat': '35.227956', 'lon': '128.6818586', 'display_name': '창원시, 경상남도, 대한민국', 'class': 'boundary', 'type': 'administrative', 'importance': 0.45000999999999997, 'icon': 'https://nominatim.openstreetmap.org/ui/mapicons/poi_boundary_administrative.p.20.png'}"
140,JIN,Park Myungeun,6/12/1996,Lovelyz,South Korea,165,47,Busan,F,"{'place_id': 298433667, 'licence': 'Data © OpenStreetMap contributors, ODbL 1.0. https://osm.org/copyright', 'osm_type': 'relation', 'osm_id': 2396450, 'boundingbox': ['34.7252504', '35.3892236', '128.7568072', '129.4889527'], 'lat': '35.1799528', 'lon': '129.0752365', 'display_name': '부산, 대한민국', 'class': 'boundary', 'type': 'administrative', 'importance': 0.6219864096410083, 'icon': 'https://nominatim.openstreetmap.org/ui/mapicons/poi_boundary_administrative.p.20.png'}"
1283,Jerome,Oh Sungmin,8/25/2001,TOO,South Korea,0,0,,M,"{'place_id': 227777, 'licence': 'Data © OpenStreetMap contributors, ODbL 1.0. https://osm.org/copyright', 'osm_type': 'node', 'osm_id': 64776641, 'boundingbox': ['46.2944754', '46.3344754', '11.0280288', '11.0680288'], 'lat': '46.3144754', 'lon': '11.0480288', 'display_name': ""Nanno, Ville d'Anaunia, Comunità della Val di Non, Provincia di Trento, Trentino-Alto Adige/Südtirol, 38093, Italia"", 'class': 'place', 'type': 'village', 'importance': 0.5936362638580924, 'icon': 'https://nominatim.openstreetmap.org/ui/mapicons/poi_place_village.p.20.png'}"
1638,Yue,Nancy Yang,7/3/2004,Lapillus,USA,163,48,,F,"{'place_id': 227777, 'licence': 'Data © OpenStreetMap contributors, ODbL 1.0. https://osm.org/copyright', 'osm_type': 'node', 'osm_id': 64776641, 'boundingbox': ['46.2944754', '46.3344754', '11.0280288', '11.0680288'], 'lat': '46.3144754', 'lon': '11.0480288', 'display_name': ""Nanno, Ville d'Anaunia, Comunità della Val di Non, Provincia di Trento, Trentino-Alto Adige/Südtirol, 38093, Italia"", 'class': 'place', 'type': 'village', 'importance': 0.5936362638580924, 'icon': 'https://nominatim.openstreetmap.org/ui/mapicons/poi_place_village.p.20.png'}"
26,Hyejeong,Shin Hyejeong,8/10/1993,AoA,South Korea,170,48,Seoul,F,"{'place_id': 358758805, 'licence': 'Data © OpenStreetMap contributors, ODbL 1.0. https://osm.org/copyright', 'osm_type': 'relation', 'osm_id': 2297418, 'boundingbox': ['37.4285424', '37.7014794', '126.7644328', '127.1837702'], 'lat': '37.5666791', 'lon': '126.9782914', 'display_name': '서울, 대한민국', 'class': 'boundary', 'type': 'administrative', 'importance': 0.6297939847554467, 'icon': 'https://nominatim.openstreetmap.org/ui/mapicons/poi_boundary_administrative.p.20.png'}"
1230,Haena,Jeon Eunbi,2/19/2002,ANS,South Korea,0,0,,F,"{'place_id': 227777, 'licence': 'Data © OpenStreetMap contributors, ODbL 1.0. https://osm.org/copyright', 'osm_type': 'node', 'osm_id': 64776641, 'boundingbox': ['46.2944754', '46.3344754', '11.0280288', '11.0680288'], 'lat': '46.3144754', 'lon': '11.0480288', 'display_name': ""Nanno, Ville d'Anaunia, Comunità della Val di Non, Provincia di Trento, Trentino-Alto Adige/Südtirol, 38093, Italia"", 'class': 'place', 'type': 'village', 'importance': 0.5936362638580924, 'icon': 'https://nominatim.openstreetmap.org/ui/mapicons/poi_place_village.p.20.png'}"
211,Yeoreum,Lee Jinsook,1/10/1999,Cosmic Girls,South Korea,161,0,Seoul,F,"{'place_id': 358758805, 'licence': 'Data © OpenStreetMap contributors, ODbL 1.0. https://osm.org/copyright', 'osm_type': 'relation', 'osm_id': 2297418, 'boundingbox': ['37.4285424', '37.7014794', '126.7644328', '127.1837702'], 'lat': '37.5666791', 'lon': '126.9782914', 'display_name': '서울, 대한민국', 'class': 'boundary', 'type': 'administrative', 'importance': 0.6297939847554467, 'icon': 'https://nominatim.openstreetmap.org/ui/mapicons/poi_boundary_administrative.p.20.png'}"
299,U-Kwon,Kim Yukwon,4/9/1992,Block B,South Korea,176,63,Suwon,M,"{'place_id': 298486293, 'licence': 'Data © OpenStreetMap contributors, ODbL 1.0. https://osm.org/copyright', 'osm_type': 'relation', 'osm_id': 2409182, 'boundingbox': ['37.2245287', '37.3510468', '126.9269693', '127.0898711'], 'lat': '37.2633325', 'lon': '127.0287472', 'display_name': '수원시, 경기도, 대한민국', 'class': 'boundary', 'type': 'administrative', 'importance': 0.5484276228502512, 'icon': 'https://nominatim.openstreetmap.org/ui/mapicons/poi_boundary_administrative.p.20.png'}"
995,Yeowool,Ha Yeowool,4/11/1998,Purplebeck,South Korea,163,46,,F,"{'place_id': 227777, 'licence': 'Data © OpenStreetMap contributors, ODbL 1.0. https://osm.org/copyright', 'osm_type': 'node', 'osm_id': 64776641, 'boundingbox': ['46.2944754', '46.3344754', '11.0280288', '11.0680288'], 'lat': '46.3144754', 'lon': '11.0480288', 'display_name': ""Nanno, Ville d'Anaunia, Comunità della Val di Non, Provincia di Trento, Trentino-Alto Adige/Südtirol, 38093, Italia"", 'class': 'place', 'type': 'village', 'importance': 0.5936362638580924, 'icon': 'https://nominatim.openstreetmap.org/ui/mapicons/poi_place_village.p.20.png'}"
976,St. Van,Lee Geumhyuk,12/22/1991,VAV,South Korea,182,70,,M,"{'place_id': 227777, 'licence': 'Data © OpenStreetMap contributors, ODbL 1.0. https://osm.org/copyright', 'osm_type': 'node', 'osm_id': 64776641, 'boundingbox': ['46.2944754', '46.3344754', '11.0280288', '11.0680288'], 'lat': '46.3144754', 'lon': '11.0480288', 'display_name': ""Nanno, Ville d'Anaunia, Comunità della Val di Non, Provincia di Trento, Trentino-Alto Adige/Südtirol, 38093, Italia"", 'class': 'place', 'type': 'village', 'importance': 0.5936362638580924, 'icon': 'https://nominatim.openstreetmap.org/ui/mapicons/poi_place_village.p.20.png'}"
1387,Jiwon,Park Jiwon,3/17/1997,BOTOPASS,South Korea,165,45,,F,"{'place_id': 227777, 'licence': 'Data © OpenStreetMap contributors, ODbL 1.0. https://osm.org/copyright', 'osm_type': 'node', 'osm_id': 64776641, 'boundingbox': ['46.2944754', '46.3344754', '11.0280288', '11.0680288'], 'lat': '46.3144754', 'lon': '11.0480288', 'display_name': ""Nanno, Ville d'Anaunia, Comunità della Val di Non, Provincia di Trento, Trentino-Alto Adige/Südtirol, 38093, Italia"", 'class': 'place', 'type': 'village', 'importance': 0.5936362638580924, 'icon': 'https://nominatim.openstreetmap.org/ui/mapicons/poi_place_village.p.20.png'}"
411,Jieun,Song Jieun,5/5/1990,SECRET,South Korea,0,0,Seoul,F,"{'place_id': 358758805, 'licence': 'Data © OpenStreetMap contributors, ODbL 1.0. https://osm.org/copyright', 'osm_type': 'relation', 'osm_id': 2297418, 'boundingbox': ['37.4285424', '37.7014794', '126.7644328', '127.1837702'], 'lat': '37.5666791', 'lon': '126.9782914', 'display_name': '서울, 대한민국', 'class': 'boundary', 'type': 'administrative', 'importance': 0.6297939847554467, 'icon': 'https://nominatim.openstreetmap.org/ui/mapicons/poi_boundary_administrative.p.20.png'}"
1534,Suhyeon,Kim Suhyun,1/15/2000,Billlie,South Korea,161,45,Daegu,F,"{'place_id': 298434923, 'licence': 'Data © OpenStreetMap contributors, ODbL 1.0. https://osm.org/copyright', 'osm_type': 'relation', 'osm_id': 2395674, 'boundingbox': ['35.6067585', '36.3271116', '128.3511837', '128.8994336'], 'lat': '35.8713', 'lon': '128.6018', 'display_name': '대구, 대한민국', 'class': 'boundary', 'type': 'administrative', 'importance': 0.6068760882482109, 'icon': 'https://nominatim.openstreetmap.org/ui/mapicons/poi_boundary_administrative.p.20.png'}"
1572,Liz,Kim Jiwon,11/21/2004,IVE,South Korea,170,49,,F,"{'place_id': 227777, 'licence': 'Data © OpenStreetMap contributors, ODbL 1.0. https://osm.org/copyright', 'osm_type': 'node', 'osm_id': 64776641, 'boundingbox': ['46.2944754', '46.3344754', '11.0280288', '11.0680288'], 'lat': '46.3144754', 'lon': '11.0480288', 'display_name': ""Nanno, Ville d'Anaunia, Comunità della Val di Non, Provincia di Trento, Trentino-Alto Adige/Südtirol, 38093, Italia"", 'class': 'place', 'type': 'village', 'importance': 0.5936362638580924, 'icon': 'https://nominatim.openstreetmap.org/ui/mapicons/poi_place_village.p.20.png'}"
1411,Yubin,Kim Yubin,2/27/2002,Bling Bling,South Korea,166,47,,F,"{'place_id': 227777, 'licence': 'Data © OpenStreetMap contributors, ODbL 1.0. https://osm.org/copyright', 'osm_type': 'node', 'osm_id': 64776641, 'boundingbox': ['46.2944754', '46.3344754', '11.0280288', '11.0680288'], 'lat': '46.3144754', 'lon': '11.0480288', 'display_name': ""Nanno, Ville d'Anaunia, Comunità della Val di Non, Provincia di Trento, Trentino-Alto Adige/Südtirol, 38093, Italia"", 'class': 'place', 'type': 'village', 'importance': 0.5936362638580924, 'icon': 'https://nominatim.openstreetmap.org/ui/mapicons/poi_place_village.p.20.png'}"
1149,Isol,,5/1/1997,Lusty,South Korea,166,48,Seoul,F,"{'place_id': 358758805, 'licence': 'Data © OpenStreetMap contributors, ODbL 1.0. https://osm.org/copyright', 'osm_type': 'relation', 'osm_id': 2297418, 'boundingbox': ['37.4285424', '37.7014794', '126.7644328', '127.1837702'], 'lat': '37.5666791', 'lon': '126.9782914', 'display_name': '서울, 대한민국', 'class': 'boundary', 'type': 'administrative', 'importance': 0.6297939847554467, 'icon': 'https://nominatim.openstreetmap.org/ui/mapicons/poi_boundary_administrative.p.20.png'}"
439,Jenny,Lee Soyul,9/4/1996,,South Korea,165,47,Seoul,F,"{'place_id': 358758805, 'licence': 'Data © OpenStreetMap contributors, ODbL 1.0. https://osm.org/copyright', 'osm_type': 'relation', 'osm_id': 2297418, 'boundingbox': ['37.4285424', '37.7014794', '126.7644328', '127.1837702'], 'lat': '37.5666791', 'lon': '126.9782914', 'display_name': '서울, 대한민국', 'class': 'boundary', 'type': 'administrative', 'importance': 0.6297939847554467, 'icon': 'https://nominatim.openstreetmap.org/ui/mapicons/poi_boundary_administrative.p.20.png'}"
896,Eunjin,Moon Eunjin,11/5/1998,Highteen,South Korea,0,0,,F,"{'place_id': 227777, 'licence': 'Data © OpenStreetMap contributors, ODbL 1.0. https://osm.org/copyright', 'osm_type': 'node', 'osm_id': 64776641, 'boundingbox': ['46.2944754', '46.3344754', '11.0280288', '11.0680288'], 'lat': '46.3144754', 'lon': '11.0480288', 'display_name': ""Nanno, Ville d'Anaunia, Comunità della Val di Non, Provincia di Trento, Trentino-Alto Adige/Südtirol, 38093, Italia"", 'class': 'place', 'type': 'village', 'importance': 0.5936362638580924, 'icon': 'https://nominatim.openstreetmap.org/ui/mapicons/poi_place_village.p.20.png'}"
1663,Danielle,Mo Jihye,4/11/2005,NewJeans,South Korea,165,0,Munsan,F,"{'place_id': 14653670, 'licence': 'Data © OpenStreetMap contributors, ODbL 1.0. https://osm.org/copyright', 'osm_type': 'node', 'osm_id': 1565727595, 'boundingbox': ['37.8494294', '37.8594294', '126.7828537', '126.7928537'], 'lat': '37.8544294', 'lon': '126.7878537', 'display_name': '문산, 94, 문산역로, 문산읍, 파주시, 경기도, 10824, 대한민국', 'class': 'railway', 'type': 'station', 'importance': 0.38289782003728795, 'icon': 'https://nominatim.openstreetmap.org/ui/mapicons/transport_train_station2.p.20.png'}"
41,Naeun,Son Naeun,2/10/1994,,South Korea,168,0,Seoul,F,"{'place_id': 358758805, 'licence': 'Data © OpenStreetMap contributors, ODbL 1.0. https://osm.org/copyright', 'osm_type': 'relation', 'osm_id': 2297418, 'boundingbox': ['37.4285424', '37.7014794', '126.7644328', '127.1837702'], 'lat': '37.5666791', 'lon': '126.9782914', 'display_name': '서울, 대한민국', 'class': 'boundary', 'type': 'administrative', 'importance': 0.6297939847554467, 'icon': 'https://nominatim.openstreetmap.org/ui/mapicons/poi_boundary_administrative.p.20.png'}"
464,Jun,Lee Junyoung,1/22/1997,U-KISS,South Korea,0,0,,M,"{'place_id': 227777, 'licence': 'Data © OpenStreetMap contributors, ODbL 1.0. https://osm.org/copyright', 'osm_type': 'node', 'osm_id': 64776641, 'boundingbox': ['46.2944754', '46.3344754', '11.0280288', '11.0680288'], 'lat': '46.3144754', 'lon': '11.0480288', 'display_name': ""Nanno, Ville d'Anaunia, Comunità della Val di Non, Provincia di Trento, Trentino-Alto Adige/Südtirol, 38093, Italia"", 'class': 'place', 'type': 'village', 'importance': 0.5936362638580924, 'icon': 'https://nominatim.openstreetmap.org/ui/mapicons/poi_place_village.p.20.png'}"
1645,Hyunsoo,Jang Hyunsoo,9/16/2003,TNX,South Korea,0,0,,M,"{'place_id': 227777, 'licence': 'Data © OpenStreetMap contributors, ODbL 1.0. https://osm.org/copyright', 'osm_type': 'node', 'osm_id': 64776641, 'boundingbox': ['46.2944754', '46.3344754', '11.0280288', '11.0680288'], 'lat': '46.3144754', 'lon': '11.0480288', 'display_name': ""Nanno, Ville d'Anaunia, Comunità della Val di Non, Provincia di Trento, Trentino-Alto Adige/Südtirol, 38093, Italia"", 'class': 'place', 'type': 'village', 'importance': 0.5936362638580924, 'icon': 'https://nominatim.openstreetmap.org/ui/mapicons/poi_place_village.p.20.png'}"
1316,Won Hyuk,Won Hyuk,2/22/2002,E'LAST,South Korea,181,63,,M,"{'place_id': 227777, 'licence': 'Data © OpenStreetMap contributors, ODbL 1.0. https://osm.org/copyright', 'osm_type': 'node', 'osm_id': 64776641, 'boundingbox': ['46.2944754', '46.3344754', '11.0280288', '11.0680288'], 'lat': '46.3144754', 'lon': '11.0480288', 'display_name': ""Nanno, Ville d'Anaunia, Comunità della Val di Non, Provincia di Trento, Trentino-Alto Adige/Südtirol, 38093, Italia"", 'class': 'place', 'type': 'village', 'importance': 0.5936362638580924, 'icon': 'https://nominatim.openstreetmap.org/ui/mapicons/poi_place_village.p.20.png'}"
1,Sunny,Lee Sunkyu,5/15/1989,SNSD,South Korea,158,43,California,F,"{'place_id': 298142233, 'licence': 'Data © OpenStreetMap contributors, ODbL 1.0. https://osm.org/copyright', 'osm_type': 'relation', 'osm_id': 165475, 'boundingbox': ['32.5295236', '42.009499', '-124.482003', '-114.1307816'], 'lat': '36.7014631', 'lon': '-118.755997', 'display_name': 'California, United States', 'class': 'boundary', 'type': 'administrative', 'importance': 0.9221363841577066, 'icon': 'https://nominatim.openstreetmap.org/ui/mapicons/poi_boundary_administrative.p.20.png'}"
486,Taeheon,Kim Taeheon,6/18/1989,ZE:A,South Korea,0,0,Gwangju,M,"{'place_id': 359065906, 'licence': 'Data © OpenStreetMap contributors, ODbL 1.0. https://osm.org/copyright', 'osm_type': 'relation', 'osm_id': 2399220, 'boundingbox': ['35.052416', '35.2588841', '126.6444458', '127.0232992'], 'lat': '35.1594647', 'lon': '126.8515034', 'display_name': '광주, 대한민국', 'class': 'boundary', 'type': 'administrative', 'importance': 0.5760598705689788, 'icon': 'https://nominatim.openstreetmap.org/ui/mapicons/poi_boundary_administrative.p.20.png'}"
1557,Sullyoon,Seol Yoona,1/26/2004,NMIXX,South Korea,0,0,,F,"{'place_id': 227777, 'licence': 'Data © OpenStreetMap contributors, ODbL 1.0. https://osm.org/copyright', 'osm_type': 'node', 'osm_id': 64776641, 'boundingbox': ['46.2944754', '46.3344754', '11.0280288', '11.0680288'], 'lat': '46.3144754', 'lon': '11.0480288', 'display_name': ""Nanno, Ville d'Anaunia, Comunità della Val di Non, Provincia di Trento, Trentino-Alto Adige/Südtirol, 38093, Italia"", 'class': 'place', 'type': 'village', 'importance': 0.5936362638580924, 'icon': 'https://nominatim.openstreetmap.org/ui/mapicons/poi_place_village.p.20.png'}"
357,Jun,Weng Junhui,6/10/1996,Seventeen,China,180,63,Shenzen,M,
1366,Heeseung,Lee Heeseung,10/15/2001,ENHYPEN,South Korea,0,0,,M,"{'place_id': 227777, 'licence': 'Data © OpenStreetMap contributors, ODbL 1.0. https://osm.org/copyright', 'osm_type': 'node', 'osm_id': 64776641, 'boundingbox': ['46.2944754', '46.3344754', '11.0280288', '11.0680288'], 'lat': '46.3144754', 'lon': '11.0480288', 'display_name': ""Nanno, Ville d'Anaunia, Comunità della Val di Non, Provincia di Trento, Trentino-Alto Adige/Südtirol, 38093, Italia"", 'class': 'place', 'type': 'village', 'importance': 0.5936362638580924, 'icon': 'https://nominatim.openstreetmap.org/ui/mapicons/poi_place_village.p.20.png'}"
440,Yebin,Baek Yebin,7/13/1997,DIA,South Korea,164,43,Chuncheon,F,"{'place_id': 298449746, 'licence': 'Data © OpenStreetMap contributors, ODbL 1.0. https://osm.org/copyright', 'osm_type': 'relation', 'osm_id': 2517796, 'boundingbox': ['37.6756449', '38.0850253', '127.5061478', '128.029608'], 'lat': '37.8810569', 'lon': '127.7297641', 'display_name': '춘천시, 강원특별자치도, 대한민국', 'class': 'boundary', 'type': 'administrative', 'importance': 0.49756398098997684, 'icon': 'https://nominatim.openstreetmap.org/ui/mapicons/poi_boundary_administrative.p.20.png'}"
75,Sorn,Chonnasorn Sajakul,11/18/1996,CLC,Thailand,164,0,Bangkok,F,"{'place_id': 14928701, 'licence': 'Data © OpenStreetMap contributors, ODbL 1.0. https://osm.org/copyright', 'osm_type': 'node', 'osm_id': 1628207792, 'boundingbox': ['13.5924938', '13.9124938', '100.3335089', '100.6535089'], 'lat': '13.7524938', 'lon': '100.4935089', 'display_name': 'กรุงเทพมหานคร, 10200, ประเทศไทย', 'class': 'place', 'type': 'city', 'importance': 0.6662406749055579, 'icon': 'https://nominatim.openstreetmap.org/ui/mapicons/poi_place_city.p.20.png'}"
136,Jiae,Yoo Jiae,5/21/1993,Lovelyz,South Korea,163,43,Seoul,F,"{'place_id': 358758805, 'licence': 'Data © OpenStreetMap contributors, ODbL 1.0. https://osm.org/copyright', 'osm_type': 'relation', 'osm_id': 2297418, 'boundingbox': ['37.4285424', '37.7014794', '126.7644328', '127.1837702'], 'lat': '37.5666791', 'lon': '126.9782914', 'display_name': '서울, 대한민국', 'class': 'boundary', 'type': 'administrative', 'importance': 0.6297939847554467, 'icon': 'https://nominatim.openstreetmap.org/ui/mapicons/poi_boundary_administrative.p.20.png'}"
1204,Raon,Lee Seoyoung,1/21/2000,ANS,South Korea,0,0,,F,"{'place_id': 227777, 'licence': 'Data © OpenStreetMap contributors, ODbL 1.0. https://osm.org/copyright', 'osm_type': 'node', 'osm_id': 64776641, 'boundingbox': ['46.2944754', '46.3344754', '11.0280288', '11.0680288'], 'lat': '46.3144754', 'lon': '11.0480288', 'display_name': ""Nanno, Ville d'Anaunia, Comunità della Val di Non, Provincia di Trento, Trentino-Alto Adige/Südtirol, 38093, Italia"", 'class': 'place', 'type': 'village', 'importance': 0.5936362638580924, 'icon': 'https://nominatim.openstreetmap.org/ui/mapicons/poi_place_village.p.20.png'}"
894,Chaeyeon,Kim Chaeyeon,12/4/2004,tripleS,South Korea,0,0,,F,"{'place_id': 227777, 'licence': 'Data © OpenStreetMap contributors, ODbL 1.0. https://osm.org/copyright', 'osm_type': 'node', 'osm_id': 64776641, 'boundingbox': ['46.2944754', '46.3344754', '11.0280288', '11.0680288'], 'lat': '46.3144754', 'lon': '11.0480288', 'display_name': ""Nanno, Ville d'Anaunia, Comunità della Val di Non, Provincia di Trento, Trentino-Alto Adige/Südtirol, 38093, Italia"", 'class': 'place', 'type': 'village', 'importance': 0.5936362638580924, 'icon': 'https://nominatim.openstreetmap.org/ui/mapicons/poi_place_village.p.20.png'}"
1227,Gon,Kim Seongjung,11/13/1998,ARGON,South Korea,0,0,,M,"{'place_id': 227777, 'licence': 'Data © OpenStreetMap contributors, ODbL 1.0. https://osm.org/copyright', 'osm_type': 'node', 'osm_id': 64776641, 'boundingbox': ['46.2944754', '46.3344754', '11.0280288', '11.0680288'], 'lat': '46.3144754', 'lon': '11.0480288', 'display_name': ""Nanno, Ville d'Anaunia, Comunità della Val di Non, Provincia di Trento, Trentino-Alto Adige/Südtirol, 38093, Italia"", 'class': 'place', 'type': 'village', 'importance': 0.5936362638580924, 'icon': 'https://nominatim.openstreetmap.org/ui/mapicons/poi_place_village.p.20.png'}"
111,Hyerin,Kim Hyerin,6/13/1993,2EYES,South Korea,170,0,Seoul,F,"{'place_id': 358758805, 'licence': 'Data © OpenStreetMap contributors, ODbL 1.0. https://osm.org/copyright', 'osm_type': 'relation', 'osm_id': 2297418, 'boundingbox': ['37.4285424', '37.7014794', '126.7644328', '127.1837702'], 'lat': '37.5666791', 'lon': '126.9782914', 'display_name': '서울, 대한민국', 'class': 'boundary', 'type': 'administrative', 'importance': 0.6297939847554467, 'icon': 'https://nominatim.openstreetmap.org/ui/mapicons/poi_boundary_administrative.p.20.png'}"
1236,Yuvin,Song Yuvin,4/28/1998,B.O.Y,South Korea,0,0,,M,"{'place_id': 227777, 'licence': 'Data © OpenStreetMap contributors, ODbL 1.0. https://osm.org/copyright', 'osm_type': 'node', 'osm_id': 64776641, 'boundingbox': ['46.2944754', '46.3344754', '11.0280288', '11.0680288'], 'lat': '46.3144754', 'lon': '11.0480288', 'display_name': ""Nanno, Ville d'Anaunia, Comunità della Val di Non, Provincia di Trento, Trentino-Alto Adige/Südtirol, 38093, Italia"", 'class': 'place', 'type': 'village', 'importance': 0.5936362638580924, 'icon': 'https://nominatim.openstreetmap.org/ui/mapicons/poi_place_village.p.20.png'}"
1108,Hamin,Jo Hamin,10/24/1997,ENOi,South Korea,183,65,,M,"{'place_id': 227777, 'licence': 'Data © OpenStreetMap contributors, ODbL 1.0. https://osm.org/copyright', 'osm_type': 'node', 'osm_id': 64776641, 'boundingbox': ['46.2944754', '46.3344754', '11.0280288', '11.0680288'], 'lat': '46.3144754', 'lon': '11.0480288', 'display_name': ""Nanno, Ville d'Anaunia, Comunità della Val di Non, Provincia di Trento, Trentino-Alto Adige/Südtirol, 38093, Italia"", 'class': 'place', 'type': 'village', 'importance': 0.5936362638580924, 'icon': 'https://nominatim.openstreetmap.org/ui/mapicons/poi_place_village.p.20.png'}"
802,Gowon,Park Chaewon,11/19/2000,LOONA,South Korea,0,0,,F,"{'place_id': 227777, 'licence': 'Data © OpenStreetMap contributors, ODbL 1.0. https://osm.org/copyright', 'osm_type': 'node', 'osm_id': 64776641, 'boundingbox': ['46.2944754', '46.3344754', '11.0280288', '11.0680288'], 'lat': '46.3144754', 'lon': '11.0480288', 'display_name': ""Nanno, Ville d'Anaunia, Comunità della Val di Non, Provincia di Trento, Trentino-Alto Adige/Südtirol, 38093, Italia"", 'class': 'place', 'type': 'village', 'importance': 0.5936362638580924, 'icon': 'https://nominatim.openstreetmap.org/ui/mapicons/poi_place_village.p.20.png'}"
232,Dami,Lee Yoobin,3/7/1997,Dreamcatcher,South Korea,163,0,Seoul,F,"{'place_id': 358758805, 'licence': 'Data © OpenStreetMap contributors, ODbL 1.0. https://osm.org/copyright', 'osm_type': 'relation', 'osm_id': 2297418, 'boundingbox': ['37.4285424', '37.7014794', '126.7644328', '127.1837702'], 'lat': '37.5666791', 'lon': '126.9782914', 'display_name': '서울, 대한민국', 'class': 'boundary', 'type': 'administrative', 'importance': 0.6297939847554467, 'icon': 'https://nominatim.openstreetmap.org/ui/mapicons/poi_boundary_administrative.p.20.png'}"
868,I.N,Yang Jeongin,2/8/2001,Stray Kids,South Korea,0,0,Busan,M,"{'place_id': 298433667, 'licence': 'Data © OpenStreetMap contributors, ODbL 1.0. https://osm.org/copyright', 'osm_type': 'relation', 'osm_id': 2396450, 'boundingbox': ['34.7252504', '35.3892236', '128.7568072', '129.4889527'], 'lat': '35.1799528', 'lon': '129.0752365', 'display_name': '부산, 대한민국', 'class': 'boundary', 'type': 'administrative', 'importance': 0.6219864096410083, 'icon': 'https://nominatim.openstreetmap.org/ui/mapicons/poi_boundary_administrative.p.20.png'}"
840,Semmi,Oh Heesun,10/22/1995,Matilda,South Korea,0,165,,F,"{'place_id': 227777, 'licence': 'Data © OpenStreetMap contributors, ODbL 1.0. https://osm.org/copyright', 'osm_type': 'node', 'osm_id': 64776641, 'boundingbox': ['46.2944754', '46.3344754', '11.0280288', '11.0680288'], 'lat': '46.3144754', 'lon': '11.0480288', 'display_name': ""Nanno, Ville d'Anaunia, Comunità della Val di Non, Provincia di Trento, Trentino-Alto Adige/Südtirol, 38093, Italia"", 'class': 'place', 'type': 'village', 'importance': 0.5936362638580924, 'icon': 'https://nominatim.openstreetmap.org/ui/mapicons/poi_place_village.p.20.png'}"
1133,Jihun,Kim Jihun,2/20/1995,KNK,South Korea,186,73,,M,"{'place_id': 227777, 'licence': 'Data © OpenStreetMap contributors, ODbL 1.0. https://osm.org/copyright', 'osm_type': 'node', 'osm_id': 64776641, 'boundingbox': ['46.2944754', '46.3344754', '11.0280288', '11.0680288'], 'lat': '46.3144754', 'lon': '11.0480288', 'display_name': ""Nanno, Ville d'Anaunia, Comunità della Val di Non, Provincia di Trento, Trentino-Alto Adige/Südtirol, 38093, Italia"", 'class': 'place', 'type': 'village', 'importance': 0.5936362638580924, 'icon': 'https://nominatim.openstreetmap.org/ui/mapicons/poi_place_village.p.20.png'}"
1531,Choyeon,Kim Choyeon,8/1/2001,bugAboo,South Korea,164,44,,F,"{'place_id': 227777, 'licence': 'Data © OpenStreetMap contributors, ODbL 1.0. https://osm.org/copyright', 'osm_type': 'node', 'osm_id': 64776641, 'boundingbox': ['46.2944754', '46.3344754', '11.0280288', '11.0680288'], 'lat': '46.3144754', 'lon': '11.0480288', 'display_name': ""Nanno, Ville d'Anaunia, Comunità della Val di Non, Provincia di Trento, Trentino-Alto Adige/Südtirol, 38093, Italia"", 'class': 'place', 'type': 'village', 'importance': 0.5936362638580924, 'icon': 'https://nominatim.openstreetmap.org/ui/mapicons/poi_place_village.p.20.png'}"
443,Eunchae,Kwon Chaewon,5/26/1999,DIA,South Korea,0,0,,F,"{'place_id': 227777, 'licence': 'Data © OpenStreetMap contributors, ODbL 1.0. https://osm.org/copyright', 'osm_type': 'node', 'osm_id': 64776641, 'boundingbox': ['46.2944754', '46.3344754', '11.0280288', '11.0680288'], 'lat': '46.3144754', 'lon': '11.0480288', 'display_name': ""Nanno, Ville d'Anaunia, Comunità della Val di Non, Provincia di Trento, Trentino-Alto Adige/Südtirol, 38093, Italia"", 'class': 'place', 'type': 'village', 'importance': 0.5936362638580924, 'icon': 'https://nominatim.openstreetmap.org/ui/mapicons/poi_place_village.p.20.png'}"
1238,Siu,Hwang Inseok,5/19/1995,DUSTIN,South Korea,0,0,,M,"{'place_id': 227777, 'licence': 'Data © OpenStreetMap contributors, ODbL 1.0. https://osm.org/copyright', 'osm_type': 'node', 'osm_id': 64776641, 'boundingbox': ['46.2944754', '46.3344754', '11.0280288', '11.0680288'], 'lat': '46.3144754', 'lon': '11.0480288', 'display_name': ""Nanno, Ville d'Anaunia, Comunità della Val di Non, Provincia di Trento, Trentino-Alto Adige/Südtirol, 38093, Italia"", 'class': 'place', 'type': 'village', 'importance': 0.5936362638580924, 'icon': 'https://nominatim.openstreetmap.org/ui/mapicons/poi_place_village.p.20.png'}"
545,Dawon,Lee Sanghyuk,7/24/1995,SF9,South Korea,0,0,,M,"{'place_id': 227777, 'licence': 'Data © OpenStreetMap contributors, ODbL 1.0. https://osm.org/copyright', 'osm_type': 'node', 'osm_id': 64776641, 'boundingbox': ['46.2944754', '46.3344754', '11.0280288', '11.0680288'], 'lat': '46.3144754', 'lon': '11.0480288', 'display_name': ""Nanno, Ville d'Anaunia, Comunità della Val di Non, Provincia di Trento, Trentino-Alto Adige/Südtirol, 38093, Italia"", 'class': 'place', 'type': 'village', 'importance': 0.5936362638580924, 'icon': 'https://nominatim.openstreetmap.org/ui/mapicons/poi_place_village.p.20.png'}"
349,Mingyu,Kim Mingyu,4/6/1997,Seventeen,South Korea,185,65,Anyang,M,"{'place_id': 594123, 'licence': 'Data © OpenStreetMap contributors, ODbL 1.0. https://osm.org/copyright', 'osm_type': 'node', 'osm_id': 244075993, 'boundingbox': ['35.9423552', '36.2623552', '114.17633', '114.49633'], 'lat': '36.1023552', 'lon': '114.33633', 'display_name': '安阳市, 北关区, 安阳市, 河南省, 中国', 'class': 'place', 'type': 'city', 'importance': 0.5586243934587507, 'icon': 'https://nominatim.openstreetmap.org/ui/mapicons/poi_place_city.p.20.png'}"
682,JinSoul,Jung Jinsol,6/13/1997,LOONA,South Korea,0,0,,F,"{'place_id': 227777, 'licence': 'Data © OpenStreetMap contributors, ODbL 1.0. https://osm.org/copyright', 'osm_type': 'node', 'osm_id': 64776641, 'boundingbox': ['46.2944754', '46.3344754', '11.0280288', '11.0680288'], 'lat': '46.3144754', 'lon': '11.0480288', 'display_name': ""Nanno, Ville d'Anaunia, Comunità della Val di Non, Provincia di Trento, Trentino-Alto Adige/Südtirol, 38093, Italia"", 'class': 'place', 'type': 'village', 'importance': 0.5936362638580924, 'icon': 'https://nominatim.openstreetmap.org/ui/mapicons/poi_place_village.p.20.png'}"
1031,Ahra,Go Ahra,2/21/2001,Favorite,South Korea,0,0,Yeosu,F,"{'place_id': 299144932, 'licence': 'Data © OpenStreetMap contributors, ODbL 1.0. https://osm.org/copyright', 'osm_type': 'relation', 'osm_id': 7689289, 'boundingbox': ['33.7591991', '34.9045513', '126.9153195', '128.1715912'], 'lat': '34.7546257', 'lon': '127.659859', 'display_name': '여수시, 전라남도, 대한민국', 'class': 'boundary', 'type': 'administrative', 'importance': 0.4862693847484391, 'icon': 'https://nominatim.openstreetmap.org/ui/mapicons/poi_boundary_administrative.p.20.png'}"
1232,Semi,Gu Semi,4/10/2002,Cignature,South Korea,166,46,,F,"{'place_id': 227777, 'licence': 'Data © OpenStreetMap contributors, ODbL 1.0. https://osm.org/copyright', 'osm_type': 'node', 'osm_id': 64776641, 'boundingbox': ['46.2944754', '46.3344754', '11.0280288', '11.0680288'], 'lat': '46.3144754', 'lon': '11.0480288', 'display_name': ""Nanno, Ville d'Anaunia, Comunità della Val di Non, Provincia di Trento, Trentino-Alto Adige/Südtirol, 38093, Italia"", 'class': 'place', 'type': 'village', 'importance': 0.5936362638580924, 'icon': 'https://nominatim.openstreetmap.org/ui/mapicons/poi_place_village.p.20.png'}"
100,BoA,Kwon Boa,11/5/1986,,South Korea,0,0,Guri,F,"{'place_id': 298436662, 'licence': 'Data © OpenStreetMap contributors, ODbL 1.0. https://osm.org/copyright', 'osm_type': 'relation', 'osm_id': 2409168, 'boundingbox': ['37.5556364', '37.6460349', '127.1009579', '127.1714905'], 'lat': '37.5941315', 'lon': '127.1297917', 'display_name': '구리시, 경기도, 대한민국', 'class': 'boundary', 'type': 'administrative', 'importance': 0.4772630118297726, 'icon': 'https://nominatim.openstreetmap.org/ui/mapicons/poi_boundary_administrative.p.20.png'}"
607,Jinju,Park Jinju,4/28/1990,,South Korea,0,0,,F,"{'place_id': 227777, 'licence': 'Data © OpenStreetMap contributors, ODbL 1.0. https://osm.org/copyright', 'osm_type': 'node', 'osm_id': 64776641, 'boundingbox': ['46.2944754', '46.3344754', '11.0280288', '11.0680288'], 'lat': '46.3144754', 'lon': '11.0480288', 'display_name': ""Nanno, Ville d'Anaunia, Comunità della Val di Non, Provincia di Trento, Trentino-Alto Adige/Südtirol, 38093, Italia"", 'class': 'place', 'type': 'village', 'importance': 0.5936362638580924, 'icon': 'https://nominatim.openstreetmap.org/ui/mapicons/poi_place_village.p.20.png'}"
914,Hyunoh,Park Hyunoh,2/12/1999,D-CRUNCH,South Korea,0,0,,M,"{'place_id': 227777, 'licence': 'Data © OpenStreetMap contributors, ODbL 1.0. https://osm.org/copyright', 'osm_type': 'node', 'osm_id': 64776641, 'boundingbox': ['46.2944754', '46.3344754', '11.0280288', '11.0680288'], 'lat': '46.3144754', 'lon': '11.0480288', 'display_name': ""Nanno, Ville d'Anaunia, Comunità della Val di Non, Provincia di Trento, Trentino-Alto Adige/Südtirol, 38093, Italia"", 'class': 'place', 'type': 'village', 'importance': 0.5936362638580924, 'icon': 'https://nominatim.openstreetmap.org/ui/mapicons/poi_place_village.p.20.png'}"
1555,Hayun,Choi Hayun,1/16/2004,Hi-L,South Korea,0,0,Seoul,F,"{'place_id': 358758805, 'licence': 'Data © OpenStreetMap contributors, ODbL 1.0. https://osm.org/copyright', 'osm_type': 'relation', 'osm_id': 2297418, 'boundingbox': ['37.4285424', '37.7014794', '126.7644328', '127.1837702'], 'lat': '37.5666791', 'lon': '126.9782914', 'display_name': '서울, 대한민국', 'class': 'boundary', 'type': 'administrative', 'importance': 0.6297939847554467, 'icon': 'https://nominatim.openstreetmap.org/ui/mapicons/poi_boundary_administrative.p.20.png'}"
1491,Mayna,Shaoxi Mengna,5/12/2000,HOT ISSUE,China,170,47,,F,"{'place_id': 227777, 'licence': 'Data © OpenStreetMap contributors, ODbL 1.0. https://osm.org/copyright', 'osm_type': 'node', 'osm_id': 64776641, 'boundingbox': ['46.2944754', '46.3344754', '11.0280288', '11.0680288'], 'lat': '46.3144754', 'lon': '11.0480288', 'display_name': ""Nanno, Ville d'Anaunia, Comunità della Val di Non, Provincia di Trento, Trentino-Alto Adige/Südtirol, 38093, Italia"", 'class': 'place', 'type': 'village', 'importance': 0.5936362638580924, 'icon': 'https://nominatim.openstreetmap.org/ui/mapicons/poi_place_village.p.20.png'}"
925,Soso,Wang Chingyi,3/14/2001,GWSN,Taiwan,0,0,,F,"{'place_id': 227777, 'licence': 'Data © OpenStreetMap contributors, ODbL 1.0. https://osm.org/copyright', 'osm_type': 'node', 'osm_id': 64776641, 'boundingbox': ['46.2944754', '46.3344754', '11.0280288', '11.0680288'], 'lat': '46.3144754', 'lon': '11.0480288', 'display_name': ""Nanno, Ville d'Anaunia, Comunità della Val di Non, Provincia di Trento, Trentino-Alto Adige/Südtirol, 38093, Italia"", 'class': 'place', 'type': 'village', 'importance': 0.5936362638580924, 'icon': 'https://nominatim.openstreetmap.org/ui/mapicons/poi_place_village.p.20.png'}"
305,Gikwang,Lee Gikwang,3/30/1990,Highlight,South Korea,171,58,Gwangju,M,"{'place_id': 359065906, 'licence': 'Data © OpenStreetMap contributors, ODbL 1.0. https://osm.org/copyright', 'osm_type': 'relation', 'osm_id': 2399220, 'boundingbox': ['35.052416', '35.2588841', '126.6444458', '127.0232992'], 'lat': '35.1594647', 'lon': '126.8515034', 'display_name': '광주, 대한민국', 'class': 'boundary', 'type': 'administrative', 'importance': 0.5760598705689788, 'icon': 'https://nominatim.openstreetmap.org/ui/mapicons/poi_boundary_administrative.p.20.png'}"
1287,Hyejin,Kang Hyejin,7/13/2000,CRAXY,South Korea,0,0,,F,"{'place_id': 227777, 'licence': 'Data © OpenStreetMap contributors, ODbL 1.0. https://osm.org/copyright', 'osm_type': 'node', 'osm_id': 64776641, 'boundingbox': ['46.2944754', '46.3344754', '11.0280288', '11.0680288'], 'lat': '46.3144754', 'lon': '11.0480288', 'display_name': ""Nanno, Ville d'Anaunia, Comunità della Val di Non, Provincia di Trento, Trentino-Alto Adige/Südtirol, 38093, Italia"", 'class': 'place', 'type': 'village', 'importance': 0.5936362638580924, 'icon': 'https://nominatim.openstreetmap.org/ui/mapicons/poi_place_village.p.20.png'}"
170,Heeo,Gwak Heeoh,5/2/1994,4TEN,South Korea,0,0,,F,"{'place_id': 227777, 'licence': 'Data © OpenStreetMap contributors, ODbL 1.0. https://osm.org/copyright', 'osm_type': 'node', 'osm_id': 64776641, 'boundingbox': ['46.2944754', '46.3344754', '11.0280288', '11.0680288'], 'lat': '46.3144754', 'lon': '11.0480288', 'display_name': ""Nanno, Ville d'Anaunia, Comunità della Val di Non, Provincia di Trento, Trentino-Alto Adige/Südtirol, 38093, Italia"", 'class': 'place', 'type': 'village', 'importance': 0.5936362638580924, 'icon': 'https://nominatim.openstreetmap.org/ui/mapicons/poi_place_village.p.20.png'}"
1276,Donggeon,Song Donggeon,7/15/1999,TOO,South Korea,0,0,,M,"{'place_id': 227777, 'licence': 'Data © OpenStreetMap contributors, ODbL 1.0. https://osm.org/copyright', 'osm_type': 'node', 'osm_id': 64776641, 'boundingbox': ['46.2944754', '46.3344754', '11.0280288', '11.0680288'], 'lat': '46.3144754', 'lon': '11.0480288', 'display_name': ""Nanno, Ville d'Anaunia, Comunità della Val di Non, Provincia di Trento, Trentino-Alto Adige/Südtirol, 38093, Italia"", 'class': 'place', 'type': 'village', 'importance': 0.5936362638580924, 'icon': 'https://nominatim.openstreetmap.org/ui/mapicons/poi_place_village.p.20.png'}"
933,Uchae,Yu Hyejun,5/7/2002,NATURE,South Korea,0,0,,F,"{'place_id': 227777, 'licence': 'Data © OpenStreetMap contributors, ODbL 1.0. https://osm.org/copyright', 'osm_type': 'node', 'osm_id': 64776641, 'boundingbox': ['46.2944754', '46.3344754', '11.0280288', '11.0680288'], 'lat': '46.3144754', 'lon': '11.0480288', 'display_name': ""Nanno, Ville d'Anaunia, Comunità della Val di Non, Provincia di Trento, Trentino-Alto Adige/Südtirol, 38093, Italia"", 'class': 'place', 'type': 'village', 'importance': 0.5936362638580924, 'icon': 'https://nominatim.openstreetmap.org/ui/mapicons/poi_place_village.p.20.png'}"
1551,Lee Jin,Shim Yerin,3/12/2001,Hi-L,South Korea,0,0,,F,"{'place_id': 227777, 'licence': 'Data © OpenStreetMap contributors, ODbL 1.0. https://osm.org/copyright', 'osm_type': 'node', 'osm_id': 64776641, 'boundingbox': ['46.2944754', '46.3344754', '11.0280288', '11.0680288'], 'lat': '46.3144754', 'lon': '11.0480288', 'display_name': ""Nanno, Ville d'Anaunia, Comunità della Val di Non, Provincia di Trento, Trentino-Alto Adige/Südtirol, 38093, Italia"", 'class': 'place', 'type': 'village', 'importance': 0.5936362638580924, 'icon': 'https://nominatim.openstreetmap.org/ui/mapicons/poi_place_village.p.20.png'}"
1180,Yonggeun,Jo Yonggeun,1/23/1995,D1CE,South Korea,174,54,,M,"{'place_id': 227777, 'licence': 'Data © OpenStreetMap contributors, ODbL 1.0. https://osm.org/copyright', 'osm_type': 'node', 'osm_id': 64776641, 'boundingbox': ['46.2944754', '46.3344754', '11.0280288', '11.0680288'], 'lat': '46.3144754', 'lon': '11.0480288', 'display_name': ""Nanno, Ville d'Anaunia, Comunità della Val di Non, Provincia di Trento, Trentino-Alto Adige/Südtirol, 38093, Italia"", 'class': 'place', 'type': 'village', 'importance': 0.5936362638580924, 'icon': 'https://nominatim.openstreetmap.org/ui/mapicons/poi_place_village.p.20.png'}"
179,Kahi,Park Jiyoung,12/25/1980,,South Korea,0,0,Daegu,F,"{'place_id': 298434923, 'licence': 'Data © OpenStreetMap contributors, ODbL 1.0. https://osm.org/copyright', 'osm_type': 'relation', 'osm_id': 2395674, 'boundingbox': ['35.6067585', '36.3271116', '128.3511837', '128.8994336'], 'lat': '35.8713', 'lon': '128.6018', 'display_name': '대구, 대한민국', 'class': 'boundary', 'type': 'administrative', 'importance': 0.6068760882482109, 'icon': 'https://nominatim.openstreetmap.org/ui/mapicons/poi_boundary_administrative.p.20.png'}"
668,Laun,Kim Minseok,8/12/1999,,South Korea,0,0,Seongsan,M,"{'place_id': 350327108, 'licence': 'Data © OpenStreetMap contributors, ODbL 1.0. https://osm.org/copyright', 'osm_type': 'node', 'osm_id': 10250368108, 'boundingbox': ['35.4479917', '35.4480917', '127.5337444', '127.5338444'], 'lat': '35.4480417', 'lon': '127.5337944', 'display_name': '성산, 남원시, 55718, 대한민국', 'class': 'natural', 'type': 'peak', 'importance': 0.30000999999999994, 'icon': 'https://nominatim.openstreetmap.org/ui/mapicons/poi_peak.p.20.png'}"
438,Huihyeon,Ki Huihyeon,6/16/1995,DIA,South Korea,167,46,Namwon,F,"{'place_id': 299306067, 'licence': 'Data © OpenStreetMap contributors, ODbL 1.0. https://osm.org/copyright', 'osm_type': 'relation', 'osm_id': 7621810, 'boundingbox': ['35.3032768', '35.5590434', '127.1840022', '127.6732366'], 'lat': '35.4163118', 'lon': '127.3903713', 'display_name': '남원시, 전라북도, 대한민국', 'class': 'boundary', 'type': 'administrative', 'importance': 0.4522732243552427, 'icon': 'https://nominatim.openstreetmap.org/ui/mapicons/poi_boundary_administrative.p.20.png'}"
1420,Muzin,Kim Hyunwoo,3/29/2001,BAE173,South Korea,0,0,,M,"{'place_id': 227777, 'licence': 'Data © OpenStreetMap contributors, ODbL 1.0. https://osm.org/copyright', 'osm_type': 'node', 'osm_id': 64776641, 'boundingbox': ['46.2944754', '46.3344754', '11.0280288', '11.0680288'], 'lat': '46.3144754', 'lon': '11.0480288', 'display_name': ""Nanno, Ville d'Anaunia, Comunità della Val di Non, Provincia di Trento, Trentino-Alto Adige/Südtirol, 38093, Italia"", 'class': 'place', 'type': 'village', 'importance': 0.5936362638580924, 'icon': 'https://nominatim.openstreetmap.org/ui/mapicons/poi_place_village.p.20.png'}"
1079,Asahi,Hanada Asahi,8/20/2001,Treasure,Japan,0,0,,M,"{'place_id': 227777, 'licence': 'Data © OpenStreetMap contributors, ODbL 1.0. https://osm.org/copyright', 'osm_type': 'node', 'osm_id': 64776641, 'boundingbox': ['46.2944754', '46.3344754', '11.0280288', '11.0680288'], 'lat': '46.3144754', 'lon': '11.0480288', 'display_name': ""Nanno, Ville d'Anaunia, Comunità della Val di Non, Provincia di Trento, Trentino-Alto Adige/Südtirol, 38093, Italia"", 'class': 'place', 'type': 'village', 'importance': 0.5936362638580924, 'icon': 'https://nominatim.openstreetmap.org/ui/mapicons/poi_place_village.p.20.png'}"
870,Samuel,Kim Samuel,1/17/2002,,South Korea,0,0,Los Angeles,M,"{'place_id': 355412804, 'licence': 'Data © OpenStreetMap contributors, ODbL 1.0. https://osm.org/copyright', 'osm_type': 'relation', 'osm_id': 207359, 'boundingbox': ['33.659541', '34.337306', '-118.6681779', '-118.1552947'], 'lat': '34.0536909', 'lon': '-118.242766', 'display_name': 'Los Angeles, Los Angeles County, CAL Fire Contract Counties, California, United States', 'class': 'boundary', 'type': 'administrative', 'importance': 0.9738053728457621, 'icon': 'https://nominatim.openstreetmap.org/ui/mapicons/poi_boundary_administrative.p.20.png'}"
28,Seolhyun,Kim Seolhyun,1/3/1995,AoA,South Korea,167,47,Bucheon,F,"{'place_id': 298441065, 'licence': 'Data © OpenStreetMap contributors, ODbL 1.0. https://osm.org/copyright', 'osm_type': 'relation', 'osm_id': 2409162, 'boundingbox': ['37.4582405', '37.5542443', '126.7417001', '126.8336552'], 'lat': '37.5014422', 'lon': '126.7660139', 'display_name': '부천시, 경기도, 대한민국', 'class': 'boundary', 'type': 'administrative', 'importance': 0.5080532806007373, 'icon': 'https://nominatim.openstreetmap.org/ui/mapicons/poi_boundary_administrative.p.20.png'}"
1492,Nahyun,Kang Nahyun,1/25/2002,HOT ISSUE,South Korea,0,0,,F,"{'place_id': 227777, 'licence': 'Data © OpenStreetMap contributors, ODbL 1.0. https://osm.org/copyright', 'osm_type': 'node', 'osm_id': 64776641, 'boundingbox': ['46.2944754', '46.3344754', '11.0280288', '11.0680288'], 'lat': '46.3144754', 'lon': '11.0480288', 'display_name': ""Nanno, Ville d'Anaunia, Comunità della Val di Non, Provincia di Trento, Trentino-Alto Adige/Südtirol, 38093, Italia"", 'class': 'place', 'type': 'village', 'importance': 0.5936362638580924, 'icon': 'https://nominatim.openstreetmap.org/ui/mapicons/poi_place_village.p.20.png'}"
1173,Dahyun,Jeong Dahyun,4/29/2005,Rocket Punch,South Korea,160,0,,F,"{'place_id': 227777, 'licence': 'Data © OpenStreetMap contributors, ODbL 1.0. https://osm.org/copyright', 'osm_type': 'node', 'osm_id': 64776641, 'boundingbox': ['46.2944754', '46.3344754', '11.0280288', '11.0680288'], 'lat': '46.3144754', 'lon': '11.0480288', 'display_name': ""Nanno, Ville d'Anaunia, Comunità della Val di Non, Provincia di Trento, Trentino-Alto Adige/Südtirol, 38093, Italia"", 'class': 'place', 'type': 'village', 'importance': 0.5936362638580924, 'icon': 'https://nominatim.openstreetmap.org/ui/mapicons/poi_place_village.p.20.png'}"
1658,Seoyeon,Yoon Seoyeon,8/6/2003,tripleS,South Korea,0,0,,F,"{'place_id': 227777, 'licence': 'Data © OpenStreetMap contributors, ODbL 1.0. https://osm.org/copyright', 'osm_type': 'node', 'osm_id': 64776641, 'boundingbox': ['46.2944754', '46.3344754', '11.0280288', '11.0680288'], 'lat': '46.3144754', 'lon': '11.0480288', 'display_name': ""Nanno, Ville d'Anaunia, Comunità della Val di Non, Provincia di Trento, Trentino-Alto Adige/Südtirol, 38093, Italia"", 'class': 'place', 'type': 'village', 'importance': 0.5936362638580924, 'icon': 'https://nominatim.openstreetmap.org/ui/mapicons/poi_place_village.p.20.png'}"
884,Seunghwan,Lee Seunghwan,12/10/1994,Romeo,South Korea,0,0,,M,"{'place_id': 227777, 'licence': 'Data © OpenStreetMap contributors, ODbL 1.0. https://osm.org/copyright', 'osm_type': 'node', 'osm_id': 64776641, 'boundingbox': ['46.2944754', '46.3344754', '11.0280288', '11.0680288'], 'lat': '46.3144754', 'lon': '11.0480288', 'display_name': ""Nanno, Ville d'Anaunia, Comunità della Val di Non, Provincia di Trento, Trentino-Alto Adige/Südtirol, 38093, Italia"", 'class': 'place', 'type': 'village', 'importance': 0.5936362638580924, 'icon': 'https://nominatim.openstreetmap.org/ui/mapicons/poi_place_village.p.20.png'}"
612,Jonghwan,Jo Jonghwan,11/23/1992,100%,South Korea,0,0,Seoul,M,"{'place_id': 358758805, 'licence': 'Data © OpenStreetMap contributors, ODbL 1.0. https://osm.org/copyright', 'osm_type': 'relation', 'osm_id': 2297418, 'boundingbox': ['37.4285424', '37.7014794', '126.7644328', '127.1837702'], 'lat': '37.5666791', 'lon': '126.9782914', 'display_name': '서울, 대한민국', 'class': 'boundary', 'type': 'administrative', 'importance': 0.6297939847554467, 'icon': 'https://nominatim.openstreetmap.org/ui/mapicons/poi_boundary_administrative.p.20.png'}"
109,Daeun,Jung Daeun,6/3/1994,2EYES,South Korea,161,0,Bucheon,F,"{'place_id': 298441065, 'licence': 'Data © OpenStreetMap contributors, ODbL 1.0. https://osm.org/copyright', 'osm_type': 'relation', 'osm_id': 2409162, 'boundingbox': ['37.4582405', '37.5542443', '126.7417001', '126.8336552'], 'lat': '37.5014422', 'lon': '126.7660139', 'display_name': '부천시, 경기도, 대한민국', 'class': 'boundary', 'type': 'administrative', 'importance': 0.5080532806007373, 'icon': 'https://nominatim.openstreetmap.org/ui/mapicons/poi_boundary_administrative.p.20.png'}"
780,Eunki,Hong Eunki,9/29/1997,,South Korea,182,0,,M,"{'place_id': 227777, 'licence': 'Data © OpenStreetMap contributors, ODbL 1.0. https://osm.org/copyright', 'osm_type': 'node', 'osm_id': 64776641, 'boundingbox': ['46.2944754', '46.3344754', '11.0280288', '11.0680288'], 'lat': '46.3144754', 'lon': '11.0480288', 'display_name': ""Nanno, Ville d'Anaunia, Comunità della Val di Non, Provincia di Trento, Trentino-Alto Adige/Südtirol, 38093, Italia"", 'class': 'place', 'type': 'village', 'importance': 0.5936362638580924, 'icon': 'https://nominatim.openstreetmap.org/ui/mapicons/poi_place_village.p.20.png'}"
1200,Heesun,Park Heesun,1/25/2005,Pink Fantasy,South Korea,162,45,,F,"{'place_id': 227777, 'licence': 'Data © OpenStreetMap contributors, ODbL 1.0. https://osm.org/copyright', 'osm_type': 'node', 'osm_id': 64776641, 'boundingbox': ['46.2944754', '46.3344754', '11.0280288', '11.0680288'], 'lat': '46.3144754', 'lon': '11.0480288', 'display_name': ""Nanno, Ville d'Anaunia, Comunità della Val di Non, Provincia di Trento, Trentino-Alto Adige/Südtirol, 38093, Italia"", 'class': 'place', 'type': 'village', 'importance': 0.5936362638580924, 'icon': 'https://nominatim.openstreetmap.org/ui/mapicons/poi_place_village.p.20.png'}"
1278,Jisu,Choi Jisu,1/19/2000,TOO,South Korea,0,0,,M,"{'place_id': 227777, 'licence': 'Data © OpenStreetMap contributors, ODbL 1.0. https://osm.org/copyright', 'osm_type': 'node', 'osm_id': 64776641, 'boundingbox': ['46.2944754', '46.3344754', '11.0280288', '11.0680288'], 'lat': '46.3144754', 'lon': '11.0480288', 'display_name': ""Nanno, Ville d'Anaunia, Comunità della Val di Non, Provincia di Trento, Trentino-Alto Adige/Südtirol, 38093, Italia"", 'class': 'place', 'type': 'village', 'importance': 0.5936362638580924, 'icon': 'https://nominatim.openstreetmap.org/ui/mapicons/poi_place_village.p.20.png'}"
490,Dongjun,Kim Dongjun,2/11/1992,ZE:A,South Korea,0,0,Busan,M,"{'place_id': 298433667, 'licence': 'Data © OpenStreetMap contributors, ODbL 1.0. https://osm.org/copyright', 'osm_type': 'relation', 'osm_id': 2396450, 'boundingbox': ['34.7252504', '35.3892236', '128.7568072', '129.4889527'], 'lat': '35.1799528', 'lon': '129.0752365', 'display_name': '부산, 대한민국', 'class': 'boundary', 'type': 'administrative', 'importance': 0.6219864096410083, 'icon': 'https://nominatim.openstreetmap.org/ui/mapicons/poi_boundary_administrative.p.20.png'}"
1495,Yewon,Park Yewon,1/11/2004,HOT ISSUE,South Korea,0,0,,F,"{'place_id': 227777, 'licence': 'Data © OpenStreetMap contributors, ODbL 1.0. https://osm.org/copyright', 'osm_type': 'node', 'osm_id': 64776641, 'boundingbox': ['46.2944754', '46.3344754', '11.0280288', '11.0680288'], 'lat': '46.3144754', 'lon': '11.0480288', 'display_name': ""Nanno, Ville d'Anaunia, Comunità della Val di Non, Provincia di Trento, Trentino-Alto Adige/Südtirol, 38093, Italia"", 'class': 'place', 'type': 'village', 'importance': 0.5936362638580924, 'icon': 'https://nominatim.openstreetmap.org/ui/mapicons/poi_place_village.p.20.png'}"
657,Lai Kuanlin,Lai Kuanlin,9/23/2001,Wanna One,Taiwan,0,0,New Taipei,M,"{'place_id': 298334410, 'licence': 'Data © OpenStreetMap contributors, ODbL 1.0. https://osm.org/copyright', 'osm_type': 'relation', 'osm_id': 1527220, 'boundingbox': ['24.6731646', '25.2997353', '121.2826336', '122.0064049'], 'lat': '25.011997', 'lon': '121.4656619', 'display_name': '新北市, 臺灣', 'class': 'boundary', 'type': 'administrative', 'importance': 0.5715482372073353, 'icon': 'https://nominatim.openstreetmap.org/ui/mapicons/poi_boundary_administrative.p.20.png'}"
569,Red,Lee Heejin,7/10/1991,Pungdeng-E,South Korea,163,0,Daegu,F,"{'place_id': 298434923, 'licence': 'Data © OpenStreetMap contributors, ODbL 1.0. https://osm.org/copyright', 'osm_type': 'relation', 'osm_id': 2395674, 'boundingbox': ['35.6067585', '36.3271116', '128.3511837', '128.8994336'], 'lat': '35.8713', 'lon': '128.6018', 'display_name': '대구, 대한민국', 'class': 'boundary', 'type': 'administrative', 'importance': 0.6068760882482109, 'icon': 'https://nominatim.openstreetmap.org/ui/mapicons/poi_boundary_administrative.p.20.png'}"
1252,Della,Park Sehyun,9/3/1995,Rockit Girl,South Korea,0,0,,F,"{'place_id': 227777, 'licence': 'Data © OpenStreetMap contributors, ODbL 1.0. https://osm.org/copyright', 'osm_type': 'node', 'osm_id': 64776641, 'boundingbox': ['46.2944754', '46.3344754', '11.0280288', '11.0680288'], 'lat': '46.3144754', 'lon': '11.0480288', 'display_name': ""Nanno, Ville d'Anaunia, Comunità della Val di Non, Provincia di Trento, Trentino-Alto Adige/Südtirol, 38093, Italia"", 'class': 'place', 'type': 'village', 'importance': 0.5936362638580924, 'icon': 'https://nominatim.openstreetmap.org/ui/mapicons/poi_place_village.p.20.png'}"
1055,Loudi,Won Jihoon,4/13/1996,14U,Indonesia,0,0,,M,"{'place_id': 227777, 'licence': 'Data © OpenStreetMap contributors, ODbL 1.0. https://osm.org/copyright', 'osm_type': 'node', 'osm_id': 64776641, 'boundingbox': ['46.2944754', '46.3344754', '11.0280288', '11.0680288'], 'lat': '46.3144754', 'lon': '11.0480288', 'display_name': ""Nanno, Ville d'Anaunia, Comunità della Val di Non, Provincia di Trento, Trentino-Alto Adige/Südtirol, 38093, Italia"", 'class': 'place', 'type': 'village', 'importance': 0.5936362638580924, 'icon': 'https://nominatim.openstreetmap.org/ui/mapicons/poi_place_village.p.20.png'}"
1424,Bit,No Minjae,7/21/2004,BAE173,South Korea,0,0,,M,"{'place_id': 227777, 'licence': 'Data © OpenStreetMap contributors, ODbL 1.0. https://osm.org/copyright', 'osm_type': 'node', 'osm_id': 64776641, 'boundingbox': ['46.2944754', '46.3344754', '11.0280288', '11.0680288'], 'lat': '46.3144754', 'lon': '11.0480288', 'display_name': ""Nanno, Ville d'Anaunia, Comunità della Val di Non, Provincia di Trento, Trentino-Alto Adige/Südtirol, 38093, Italia"", 'class': 'place', 'type': 'village', 'importance': 0.5936362638580924, 'icon': 'https://nominatim.openstreetmap.org/ui/mapicons/poi_place_village.p.20.png'}"
821,Sun J,Jeon Heesun,2/13/2001,Girlkind,South Korea,0,165,,F,"{'place_id': 227777, 'licence': 'Data © OpenStreetMap contributors, ODbL 1.0. https://osm.org/copyright', 'osm_type': 'node', 'osm_id': 64776641, 'boundingbox': ['46.2944754', '46.3344754', '11.0280288', '11.0680288'], 'lat': '46.3144754', 'lon': '11.0480288', 'display_name': ""Nanno, Ville d'Anaunia, Comunità della Val di Non, Provincia di Trento, Trentino-Alto Adige/Südtirol, 38093, Italia"", 'class': 'place', 'type': 'village', 'importance': 0.5936362638580924, 'icon': 'https://nominatim.openstreetmap.org/ui/mapicons/poi_place_village.p.20.png'}"
104,Seoyul,Seo Yuri,11/26/1997,Berry Good,South Korea,163,0,,F,"{'place_id': 227777, 'licence': 'Data © OpenStreetMap contributors, ODbL 1.0. https://osm.org/copyright', 'osm_type': 'node', 'osm_id': 64776641, 'boundingbox': ['46.2944754', '46.3344754', '11.0280288', '11.0680288'], 'lat': '46.3144754', 'lon': '11.0480288', 'display_name': ""Nanno, Ville d'Anaunia, Comunità della Val di Non, Provincia di Trento, Trentino-Alto Adige/Südtirol, 38093, Italia"", 'class': 'place', 'type': 'village', 'importance': 0.5936362638580924, 'icon': 'https://nominatim.openstreetmap.org/ui/mapicons/poi_place_village.p.20.png'}"
664,J-Us,Lee Seungjoon,1/13/1995,ONF,South Korea,0,0,Seoul,M,"{'place_id': 358758805, 'licence': 'Data © OpenStreetMap contributors, ODbL 1.0. https://osm.org/copyright', 'osm_type': 'relation', 'osm_id': 2297418, 'boundingbox': ['37.4285424', '37.7014794', '126.7644328', '127.1837702'], 'lat': '37.5666791', 'lon': '126.9782914', 'display_name': '서울, 대한민국', 'class': 'boundary', 'type': 'administrative', 'importance': 0.6297939847554467, 'icon': 'https://nominatim.openstreetmap.org/ui/mapicons/poi_boundary_administrative.p.20.png'}"
132,Jiho,Kim Jiho,4/4/1997,Oh My Girl,South Korea,165,49,Okcheon,F,"{'place_id': 298449804, 'licence': 'Data © OpenStreetMap contributors, ODbL 1.0. https://osm.org/copyright', 'osm_type': 'relation', 'osm_id': 2541039, 'boundingbox': ['36.1707126', '36.4453497', '127.486231', '127.8912015'], 'lat': '36.3061692', 'lon': '127.571482', 'display_name': '옥천군, 충청북도, 대한민국', 'class': 'boundary', 'type': 'administrative', 'importance': 0.42424431519136535, 'icon': 'https://nominatim.openstreetmap.org/ui/mapicons/poi_boundary_administrative.p.20.png'}"
535,Jaejin,Lee Jaejin,12/17/1991,FTISLAND,South Korea,0,0,Cheongju,M,"{'place_id': 298451886, 'licence': 'Data © OpenStreetMap contributors, ODbL 1.0. https://osm.org/copyright', 'osm_type': 'relation', 'osm_id': 2541043, 'boundingbox': ['36.4072772', '36.7802634', '127.2756024', '127.7699975'], 'lat': '36.6421169', 'lon': '127.4891742', 'display_name': '청주시, 충청북도, 대한민국', 'class': 'boundary', 'type': 'administrative', 'importance': 0.5123875554363564, 'icon': 'https://nominatim.openstreetmap.org/ui/mapicons/poi_boundary_administrative.p.20.png'}"
