Stage Name Stage Name,Full Name Full Name,Date of Birth Date of Birth,Group Group,Country Country,Height,Weight,Birthplace Birthplace,Gender
Taeyeon,Kim Taeyeon,3/9/1989,SNSD,South Korea,160,44,Jeonju,F
Sunny,Lee Sunkyu,5/15/1989,SNSD,South Korea,158,43,California,F
Tiffany,Hwang Miyoung,8/1/1989,SNSD,South Korea,163,50,San Francisco,F
Hyoyeon,Kim Hyoyeon,9/22/1989,SNSD,South Korea,158,48,Incheon,F
Yuri,Kwon Yuri,12/5/1989,SNSD,South Korea,167,45,Goyang,F
Sooyoung,Choi Sooyoung,2/10/1990,SNSD,South Korea,170,48,Gwangju,F
Yoona,Im Yoona,5/30/1990,SNSD,South Korea,166,47,Seoul,F
Seohyun,Seo Joohyun,6/28/1991,SNSD,South Korea,168,48,Seoul,F
Jessica,Jessica Jung,4/18/1989,,South Korea,0,0,,F
CL,Lee Chaerin,2/26/1991,2NE1,South Korea,0,0,,F
Bom,Park Bom,3/24/1984,2NE1,South Korea,0,0,,F
Dara,Park Sandara,11/12/1984,2NE1,South Korea,0,0,,F
Minzy,Kong Minji,1/18/1994,2NE1,South Korea,0,0,,F
Hyorin,Kim Hyojung,12/11/1990,SISTAR,South Korea,0,0,,F
Bora,Yoon Bora,12/30/1989,SISTAR,South Korea,0,0,,F
Soyou,Kang Jihyun,2/12/1992,SISTAR,South Korea,0,0,,F
Dasom,Kim Dasom,5/6/1993,SISTAR,South Korea,0,0,,F
Jihyun,Nam Jihyun,1/9/1990,4minute,South Korea,167,0,Seoul,F
Gayoon,Heo Gayoon,5/18/1990,4minute,South Korea,165,0,Seoul,F
Jiyoon,Jeon Jiyoon,10/15/1990,4minute,South Korea,165,0,Seoul,F
HyunA,Kim Hyuna,6/6/1992,4minute,South Korea,164,0,Jeolla,F
Sohyun,Kwon Sohyun,8/30/1994,4minute,South Korea,162,0,Seoul,F
Jimin,Shin Jimin,1/8/1991,,South Korea,160,43,Seoul,F
Choa,Park Choa,3/6/1990,,South Korea,160,42,Incheon,F
Yuna,Seo Yuna,12/30/1992,AoA,South Korea,163,45,Busan,F
Yookyung,Seo Yookyung,3/15/1993,,South Korea,167,48,,F
Hyejeong,Shin Hyejeong,8/10/1993,AoA,South Korea,170,48,Seoul,F
Mina,Kwon Mina,9/21/1993,,South Korea,159,43,Busan,F
Seolhyun,Kim Seolhyun,1/3/1995,AoA,South Korea,167,47,Bucheon,F
Chanmi,Kim Chanmi,6/19/1996,AoA,South Korea,166,47,Gumi,F
Sojin,Park Sojin,5/21/1986,Girl's Day,South Korea,167,47,Daegu,F
Yura,Kim Ahyoung,11/6/1992,Girl's Day,South Korea,168,49,Ulsan,F
Minah,Bang Minah,5/13/1993,Girl's Day,South Korea,165,47,Incheon,F
Hyeri,Lee Hyeri,6/9/1994,Girl's Day,South Korea,167,46,Gwangju,F
Jea,Kim Hyojin,9/18/1981,Brown Eyed Girls,South Korea,0,0,,F
Miryo,Jo Mihye,11/2/1981,Brown Eyed Girls,South Korea,0,0,,F
Narsha,Park Hyojin,12/28/1981,Brown Eyed Girls,South Korea,0,0,,F
Gain,Son Gain,9/20/1987,Brown Eyed Girls,South Korea,0,0,,F
Chorong,Park Chorong,3/3/1991,Apink,South Korea,165,0,Chungwongoon,F
Bomi,Yoon Bomi,8/13/1993,Apink,South Korea,163,0,Suwon,F
Eunji,Jung Eunji,8/18/1993,Apink,South Korea,163,0,Busan,F
Naeun,Son Naeun,2/10/1994,,South Korea,168,0,Seoul,F
Namjoo,Kim Namjoo,4/15/1995,Apink,South Korea,165,0,Seoul,F
Hayoung,Oh Hayoung,7/19/1996,Apink,South Korea,167,0,Seoul,F
Solji,Heo Solji,1/10/1989,EXID,South Korea,170,0,Seongnam,F
LE,Ahn Hyejin,12/10/1991,EXID,South Korea,168,0,Cheonan,F
Hani,Ahn Hee-yeon,5/1/1992,EXID,South Korea,168,0,Seoul,F
Hyerin,Seo Hyerin,8/23/1993,EXID,South Korea,165,0,Gwangju,F
Junghwa,Park Junghwa,5/8/1995,EXID,South Korea,169,0,Anyang,F
Hyeyeon,Kang Hyeyeon,12/8/1990,BESTie,South Korea,0,0,,F
Uji,Jang Yuji,1/2/1991,,South Korea,0,0,,F
Dahye,Song Dahye,6/12/1993,,South Korea,0,0,,F
Haeryeong,Na Haeryeong,11/11/1994,BESTie,South Korea,0,0,,F
Yubin,Kim Yubin,10/4/1988,Wonder Girls,South Korea,163,0,Gwangju,F
Yenny,Park Yeeun,5/26/1989,Wonder Girls,South Korea,165,0,Goyang,F
Sunmi,Lee Sunmi,5/2/1992,Wonder Girls,South Korea,167,0,Iksan,F
Hyerim,Woo Hyerim,9/1/1992,Wonder Girls,South Korea,167,0,Seoul,F
Fei,Wang FeiFei,4/27/1987,miss A,China,165,0,Haikou,F
Jia,Meng Jia,2/3/1989,miss A,China,166,0,Changja,F
Min,Lee Minyoung,6/21/1991,miss A,South Korea,161,0,Seoul,F
Suzy,Bae Suji,10/10/1994,miss A,South Korea,168,0,Gwangju,F
Jamie,Park Jimin,7/5/1997,15&,South Korea,160,0,Junggu,F
Yerin,Baek Yerin,6/26/1997,15&,South Korea,165,0,Daejeon,F
Jihyo,Park Jisoo,2/1/1997,Twice,South Korea,162,0,Guri,F
Nayeon,Im Nayeon,9/22/1995,Twice,South Korea,163,0,Seoul,F
Jeongyeon,Yoo Jeongyeon,11/1/1996,Twice,South Korea,168,0,Suwon,F
Momo,Hirai Momo,11/9/1996,Twice,Japan,167,0,Kyoto,F
Sana,Minatozaki Sana,12/29/1996,Twice,Japan,168,0,Osaka,F
Mina,Myoui Mina,3/24/1997,Twice,Japan,163,0,San Antonio,F
Dahyun,Kim Dahyun,5/28/1998,Twice,South Korea,165,0,Seongnam,F
Chaeyoung,Son Chaeyoung,4/23/1999,Twice,South Korea,159,0,Seoul,F
Tzuyu,Chou Tzuyu,6/14/1999,Twice,Taiwan,169,0,Tainan,F
Seunghee,Oh Seunghee,10/10/1995,CLC,South Korea,163,0,Gwangju,F
Yujin,Choi Yujin,8/12/1996,Kep1er,South Korea,164,0,Jeonju,F
Seungyeon,Jang Seunyeon,11/6/1996,CLC,South Korea,163,0,Seongnam,F
Sorn,Chonnasorn Sajakul,11/18/1996,CLC,Thailand,164,0,Bangkok,F
YeeEun,Jang Yeeun,8/10/1998,CLC,South Korea,166,0,Dongducheon,F
Hyuna,Moon Hyuna,1/19/1987,,South Korea,172,50,Yeosu,F
Euaerin,Lee Hyemin,5/3/1988,,South Korea,174,48,Seoul,F
Sungah,Son Sungah,7/8/1989,9Muses,South Korea,172,48,Suma,F
Kyungri,Park Kyungri,7/5/1990,9Muses,South Korea,170,50,Busan,F
Hyemi,Pyo Hyemi,4/3/1991,9Muses,South Korea,171,46,Gwangju,F
Minha,Park Minha,6/27/1991,,South Korea,172,47,Seoul,F
Sojin,Jo Sojin,10/11/1991,9Muses,South Korea,170,47,Gwangju,F
Keumjo,Lee Keumjo,12/17/1992,9Muses,South Korea,167,48,Daegu,F
Sowon,Kim Sojung,12/7/1995,Gfriend,South Korea,172,0,Seoul,F
Yerin,Jung Yerin,8/19/1996,Gfriend,South Korea,167,0,Incheon,F
Eunha,Jung Eunbi,5/30/1997,VIVIZ,South Korea,163,0,Seoul,F
Yuju,Choi Yuna,10/4/1997,Gfriend,South Korea,169,0,Goyang,F
SinB,Hwang Eunbi,6/3/1998,VIVIZ,South Korea,165,0,Cheongju,F
Umji,Kim Yewon,8/19/1998,VIVIZ,South Korea,163,0,Incheon,F
Victoria,Song Qian,2/2/1987,f(x),China,168,45,Qingdao,F
Amber,Amber Josephine Liu,9/18/1992,f(x),USA,167,0,Los Angeles,F
Luna,Park Sunyoung,8/12/1993,f(x),South Korea,162,0,Seoul,F
Krystal,Krystal Jung,10/24/1994,f(x),South Korea,165,0,San Francisco,F
Irene,Bae Juhyun,3/29/1991,Red Velvet,South Korea,161,0,Daegu,F
Seulgi,Kang Seulgi,2/10/1994,Red Velvet,South Korea,162,0,Seoul,F
Wendy,Son Seunghwan,2/21/1994,Red Velvet,South Korea,160,0,Seoul,F
Joy,Park Sooyoung,9/3/1996,Red Velvet,South Korea,163,0,Jeju,F
Yeri,Kim Yerim,3/5/1999,Red Velvet,South Korea,158,0,Seoul,F
BoA,Kwon Boa,11/5/1986,,South Korea,0,0,Guri,F
Ailee,Lee Yejin,5/30/1989,,South Korea,165,0,Denver,F
G.NA,Gina Jane Choi,9/13/1987,,Canada,167,0,Edmonton,F
Taeha,Yoo Taeha,10/5/1995,,South Korea,162,0,,F
Seoyul,Seo Yuri,11/26/1997,Berry Good,South Korea,163,0,,F
Daye,Kim Hyunjung,2/25/1998,Berry Good,South Korea,167,0,,F
Sehyung,Kang Sehyung,12/13/1998,Berry Good,South Korea,169,0,,F
Gowoon,Moon Joojeong,12/18/1998,Berry Good,South Korea,167,0,,F
Hyangsuk,Lee Hyangsuk,4/24/1991,2EYES,South Korea,165,0,Seoul,F
Daeun,Jung Daeun,6/3/1994,2EYES,South Korea,161,0,Bucheon,F
Dasom,Lee Dasom,11/13/1993,2EYES,South Korea,164,0,Cheongju,F
Hyerin,Kim Hyerin,6/13/1993,2EYES,South Korea,170,0,Seoul,F
IU,Lee Jieun,5/16/1993,,South Korea,162,0,Seoul,F
Jei,Kim Jinhee,9/5/1989,Fiestar,South Korea,162,0,Bucheon,F
Cao Lu,Cao Lu,8/30/1987,Fiestar,China,166,0,Zhangjiajie,F
Linzy,Im Minji,10/22/1989,Fiestar,South Korea,168,0,Incheon,F
Hyemi,Kim Hyemi,8/10/1990,Fiestar,South Korea,161,0,Seoul,F
Yezi,Lee Yeji,8/26/1994,Fiestar,South Korea,161,0,Gangneung,F
Hana,Shin Bora,4/30/1993,Gugudan,South Korea,0,0,,F
Mimi,Jung Mimi,1/1/1993,Gugudan,South Korea,163,0,,F
Haebin,Han Haebin,8/16/1995,Gugudan,South Korea,0,0,,F
Nayoung,Kim Nayoung,11/23/1995,Gugudan,South Korea,169,50,,F
Sejeong,Kim Sejeong,8/28/1996,Gugudan,South Korea,164,48,,F
Sally,Liu Xiening,10/23/1996,Gugudan,China,0,0,Guangdong,F
Soyee,Jang Sojin,11/21/1996,Gugudan,South Korea,0,0,,F
Mina,Kang Mina,12/4/1999,Gugudan,South Korea,162,48,Icheon,F
Hyeyeon,Cho Hyeyeon,8/5/2000,,South Korea,0,0,,F
Hyojung,Choi Hyojung,7/28/1994,Oh My Girl,South Korea,160,46,Yangyang,F
JinE,Shin Hyejin,1/22/1995,,South Korea,160,48,Pohang,F
Mimi,Kim Mihyun,5/1/1995,Oh My Girl,South Korea,163,50,Jeju,F
Yooa,Yoo Siah,9/17/1995,Oh My Girl,South Korea,160,50,Seoul,F
Seunghee,Hyun Seunghee,1/25/1996,Oh My Girl,South Korea,160,48,Chuncheon,F
Jiho,Kim Jiho,4/4/1997,Oh My Girl,South Korea,165,49,Okcheon,F
Yubin,Bae Yubin,9/9/1997,Oh My Girl,South Korea,161,49,Chuncheon,F
Arin,Choi Yewon,6/18/1999,Oh My Girl,South Korea,163,47,Busan,F
Babysoul,Lee Soojung,7/6/1992,Lovelyz,South Korea,158,41,Gwangju,F
Jiae,Yoo Jiae,5/21/1993,Lovelyz,South Korea,163,43,Seoul,F
Jisoo,Seo Jisoo,2/11/1994,Lovelyz,South Korea,165,46,Incheon,F
Mijoo,Lee Mijoo,9/23/1994,Lovelyz,South Korea,167,47,Okcheon,F
Kei,Kim Jiyeon,3/20/1995,Lovelyz,South Korea,162,47,Incheon,F
JIN,Park Myungeun,6/12/1996,Lovelyz,South Korea,165,47,Busan,F
Sujeong,Ryu Sujeong,11/19/1997,Lovelyz,South Korea,168,48,Daejeon,F
Yein,Jeong Yein,6/4/1998,Lovelyz,South Korea,166,0,Incheon,F
Yujeong,Kim Yujeong,2/14/1992,,South Korea,161,42,Seoul,F
Soyeon,Jung Soyeon,5/4/1994,LABOUM,South Korea,161,44,Gwangju,F
ZN,Bae Jinye,6/9/1994,LABOUM,South Korea,169,48,Bucheon,F
Haein,Yeom Haein,5/19/1995,LABOUM,South Korea,162,45,Ojeonggu,F
Solbin,Ahn Solbin,8/19/1997,LABOUM,South Korea,169,52,Ojeonggu,F
Yulhee,Kim Yulhee,11/27/1997,,South Korea,166,52,Bucheon,F
Boram,Jeon Boram,3/22/1986,,South Korea,155,45,Seoul,F
Qri,Lee Jihyun,12/12/1986,T-ara,South Korea,162,44,Goyang,F
Soyeon,Park Soyeon,10/5/1987,,South Korea,163,46,Andong,F
Eunjung,Ham Eunjung,12/12/1988,T-ara,South Korea,167,47,Seoul,F
Hyomin,Park Sunyoung,5/30/1989,T-ara,South Korea,167,43,Busan,F
Jiyeon,Park Jiyeon,6/7/1993,T-ara,South Korea,167,45,Seoul,F
Solar,Kim Yongsun,2/21/1991,Mamamoo,South Korea,163,43,Seoul,F
Moonbyul,Moon Byulyi,12/22/1992,Mamamoo,South Korea,165,45,Bucheon,F
Wheein,Jung Wheein,4/17/1995,Mamamoo,South Korea,162,43,Jeonju,F
Hwasa,Ahn Hyejin,7/23/1995,Mamamoo,South Korea,162,44,Jeonju,F
Yeoeun,Jung Jieun,1/25/1990,MELODYDAY,South Korea,169,0,,F
Yein,Ahn Yein,5/4/1995,MELODYDAY,South Korea,168,0,,F
Chahee,Park Sooyoung,3/24/1996,MELODYDAY,South Korea,167,0,,F
Yoomin,Na Yoomin,8/29/1993,MELODYDAY,South Korea,165,0,,F
Elkie,Chong Ting Yan,11/2/1998,,Hong Kong,163,45,Hong Kong,F
Eunbin,Kwon Eunbin,1/6/2000,CLC,South Korea,167,48,Seoul,F
Jisoo,Kim Jisoo,1/3/1995,BLACKPINK,South Korea,162,45,Seoul,F
Jennie,Kim Jennie,1/16/1996,BLACKPINK,South Korea,163,50,Anyang,F
Rosé,Roseanne Park,2/11/1997,BLACKPINK,South Korea,167,0,Auckland,F
Lisa,Pranpriya Manoban,3/27/1997,BLACKPINK,Thailand,170,46,Bangkok,F
Hyeji,Jeong Hyeji,4/2/1992,4TEN,South Korea,0,0,Seoul,F
Heeo,Gwak Heeoh,5/2/1994,4TEN,South Korea,0,0,,F
Yoon,Heo Yoon,9/23/1994,4TEN,South Korea,0,0,,F
Hyejin,Baek Hyejin,11/21/1996,4TEN,South Korea,0,0,Sacheon,F
Uee,Kim Yujin,4/9/1988,,South Korea,0,0,Daegu,F
Raina,Oh Hyerin,5/7/1989,After School,South Korea,0,0,Ulsan,F
Nana,Im Jinah,9/14/1991,After School,South Korea,0,0,Cheongju,F
Lizzy,Park Sooyoung,7/31/1992,After School,South Korea,0,0,Busan,F
E-Young,Noh Yiyoung,8/16/1992,After School,South Korea,0,0,Chuncheon,F
Kaeun,Lee Kaeun,8/20/1994,After School,South Korea,0,0,Seoul,F
Kahi,Park Jiyoung,12/25/1980,,South Korea,0,0,Daegu,F
Jooyeon,Lee Jooyeon,3/19/1987,,South Korea,0,0,Seoul,F
Jungah,Kim Jungah,8/2/1983,,South Korea,0,0,Incheon,F
Soyoung,Yoo Soyoung,3/29/1996,,South Korea,0,0,Seoul,F
Bekah,Rebecca Kim,8/11/1989,,South Korea,0,0,Honolulu,F
Chaewon,Kim Chaewon,11/8/1997,APRIL,South Korea,0,0,Gongju,F
Naeun,Lee Naeun,5/5/1999,APRIL,South Korea,0,0,Daejeon,F
Yena,Yang Yena,5/22/2000,APRIL,South Korea,0,0,Daegu,F
Jinsol,Lee Jinsol,12/4/2001,APRIL,South Korea,0,0,Andong,F
Hyunjoo,Lee Hyunjoo,2/5/1998,UNI.T,South Korea,0,0,Seoul,F
Monika,Kang Yeh,5/21/1991,BADKIZ,South Korea,0,0,Seoul,F
LuA,Jo Hankyeung,9/14/1991,BADKIZ,South Korea,0,0,Busan,F
K.Me,Na Miri,4/10/1992,BADKIZ,South Korea,0,0,Yeosu,F
Somin,Jang Somin,11/10/1993,BADKIZ,South Korea,0,0,Gwangmyeon,F
U-Si,Yoo Jiyeon,11/13/1997,BADKIZ,South Korea,0,0,Iksan,F
Gabin,Kim Gabin,9/18/1989,Blady,South Korea,0,0,Busan,F
Dayoung,Kim Dayoung,2/2/1991,Blady,South Korea,0,0,Jeonju,F
Giru,Park Giru,8/14/1991,Blady,South Korea,0,0,Incheon,F
Tina,Christine Joy Park,9/1/1994,Blady,USA,0,0,Los Angeles,F
Yeeun,Hwang Yeeun,1/12/1997,Blady,South Korea,0,0,Gimhae,F
Minyoung,Kim Minyeong,9/12/1990,Brave Girls,South Korea,0,0,Seongnam,F
Yujeong,Nam Yujeong,5/2/1991,Brave Girls,South Korea,0,0,Seoul,F
Eunji,Hong Eunji,7/19/1992,Brave Girls,South Korea,0,0,Seoul,F
Yoojin,Jang Yoojin,9/14/1992,,South Korea,0,0,,F
Yuna,Lee Yuna,4/6/1993,Brave Girls,South Korea,0,0,Seoul,F
Hyeran,Noh Hyeran,4/9/1993,,South Korea,0,0,,F
Hayun,Lee Hayun,8/29/1994,,South Korea,0,0,Changwon,F
Bona,Kim Jiyeon,8/19/1995,Cosmic Girls,South Korea,163,0,Daegu,F
Cheng Xiao,Cheng Xiao,7/15/1998,Cosmic Girls,China,167,0,Shenzhen,F
Dayoung,Im Dayoung,5/14/1999,Cosmic Girls,South Korea,161,0,Jeju,F
Xuanyi,Wu Xuanyi,1/26/1995,Cosmic Girls,China,166,0,Hainan,F
Eunseo,Son Juyeon,5/27/1998,Cosmic Girls,South Korea,167,0,Incheon,F
Yeoreum,Lee Jinsook,1/10/1999,Cosmic Girls,South Korea,161,0,Seoul,F
Seola,Kim Hyunjung,12/24/1994,Cosmic Girls,South Korea,165,0,Seoul,F
Exy,Chu Sojung,11/6/1995,Cosmic Girls,South Korea,166,0,Busan,F
Soobin,Park Soobin,9/14/1996,Cosmic Girls,South Korea,159,0,Seoul,F
Luda,Lee Luda,3/6/1997,Cosmic Girls,South Korea,157,0,Seoul,F
Dawon,Nam Dawon,3/16/1997,Cosmic Girls,South Korea,167,0,Seoul,F
Meiqi,Meng Meiqi,10/15/1998,Cosmic Girls,China,164,0,Luoyang,F
Yeonjung,Yu Yeonjung,8/3/1999,Cosmic Girls,South Korea,167,52,Gwangmyeong,F
Geummi,Baek Boram,6/18/1988,Crayon Pop,South Korea,165,0,Seoul,F
Ellin,Kim Minyoung,4/2/1990,Crayon Pop,South Korea,165,44,Daegu,F
Choa,Heo Minjin,7/12/1990,Crayon Pop,South Korea,161,0,Seoul,F
Way,Heo Minsun,7/12/1990,Crayon Pop,South Korea,161,0,Seoul,F
Soyul,Park Hyekyeong,5/15/1991,Crayon Pop,South Korea,160,0,Seoul,F
Hanna,Shin Jiyeon,2/19/1994,MIXX,South Korea,170,48,,F
Henny,Kang Gayoung,12/1/1994,,South Korea,168,50,,F
Arie,Jeon Minjae,4/7/2000,MIXX,South Korea,163,45,,F
Liyah,Moon Liya,5/11/2000,MIXX,South Korea,175,52,,F
Jiu,Kim Minji,5/17/1994,Dreamcatcher,South Korea,167,0,Daejeon,F
Sua,Kim Bora,8/10/1994,Dreamcatcher,South Korea,164,0,Changwon,F
Siyeon,Lee Siyeon,10/1/1995,Dreamcatcher,South Korea,170,0,Daegu,F
Yoohyeon,Kim Yoohyeon,1/7/1997,Dreamcatcher,South Korea,171,0,Incheon,F
Dami,Lee Yoobin,3/7/1997,Dreamcatcher,South Korea,163,0,Seoul,F
Hyebin,Lee Hyebin,1/12/1996,MOMOLAND,South Korea,165,44,Andong,F
Yeonwoo,Lee Dabin,8/1/1996,,South Korea,170,49,Seoul,F
Jane,Sung Jiyeon,12/20/1997,MOMOLAND,South Korea,167,46,Changwon,F
Nayun,Kim Nayun,7/31/1998,MOMOLAND,South Korea,167,48,Seoul,F
Joo E,Lee Joowon,8/18/1999,MOMOLAND,South Korea,164,45,Bucheon,F
AhIn,Lee Ahin,9/27/1999,MOMOLAND,South Korea,160,44,Wonju,F
Nancy,Nancy Mcdonie,4/13/2000,MOMOLAND,South Korea,162,45,Daegu,F
Sumin,Ji Sumin,3/3/1994,Sonamoo,South Korea,168,0,Yongin,F
Minjae,Seong Minjae,12/18/1994,Sonamoo,South Korea,165,0,Busan,F
D.ana,Cho Eunae,9/10/1995,Sonamoo,South Korea,170,0,Seoul,F
Nahyun,Kim Nahyun,12/9/1995,Sonamoo,South Korea,170,0,Seoul,F
Euijin,Hong Euijin,10/8/1996,Sonamoo,South Korea,168,0,Gwangju,F
High.D,Kim Dohee,12/21/1996,Sonamoo,South Korea,165,0,Suwon,F
New Sun,Choi Yoonsun,6/19/1997,Sonamoo,South Korea,172,0,,F
T.O.P,Choi Seunghyun,11/4/1987,BIGBANG,South Korea,180,65,Seoul,M
Taeyang,Dong Youngbae,5/18/1988,BIGBANG,South Korea,174,56,Uljeongbu,M
G-Dragon,Kwon Jiyong,8/18/1988,BIGBANG,South Korea,177,58,Seoul,M
Daesung,Daesung,4/26/1989,BIGBANG,South Korea,178,63,Incheon,M
Seungri,Lee Seunghyun,12/12/1990,,South Korea,176,60,Gwangju,M
Leeteuk,Park Jeongsu,7/1/1983,Super Junior,South Korea,179,59,Seoul,M
Heechul,Kim Heechul,7/10/1983,Super Junior,South Korea,179,60,Hoengseong,M
Yesung,Kim Jongwoon,8/24/1984,Super Junior,South Korea,178,64,Seoul,M
Kangin,Kim Youngwoon,1/17/1985,,South Korea,178,70,Seoul,M
Sungmin,Lee Sungmin,1/1/1986,Super Junior,South Korea,175,57,Gyeonggi,M
Shindong,Shin Donghee,9/28/1985,Super Junior,South Korea,178,90,Mungyeong,M
Eunhyuk,Lee Hyukjae,4/4/1986,Super Junior,South Korea,176,58,Ilsan,M
Siwon,Choi Siwon,4/7/1986,Super Junior,South Korea,185,65,Seoul,M
Donghae,Lee Donghae,10/15/1986,Super Junior,South Korea,176,60,Mokpo,M
Ryeowook,Kim Ryeowook,6/21/1987,Super Junior,South Korea,175,58,Incheon,M
Kyuhyun,Cho Kyuhyun,2/3/1988,Super Junior,South Korea,180,68,Seoul,M
Han Geng,Han Geng,2/9/1984,,China,181,66,Mudanjiang,M
Kibum,Kim Kibum,8/21/1987,,South Korea,179,58,Seoul,M
Zhou Mi,Zhou Mi,4/19/1986,Super Junior-M,China,184,64,Wuhan,M
Henry,Henry Lau,10/11/1989,Super Junior-M,Canada,176,63,Toronto,M
Onew,Lee Jinki,12/14/1989,SHINee,South Korea,177,61,Gwangmyeong,M
Jonghyun†,Kim Jonghyun,4/8/1990,,South Korea,173,56,Seoul,M
Key,Kim Kibum,9/23/1991,SHINee,South Korea,179,59,Daegu,M
Minho,Choi Minho,12/9/1991,SHINee,South Korea,181,60,Incheon,M
Taemin,Lee Taemin,7/18/1993,SHINee,South Korea,177,53,Seoul,M
Xiumin,Kim Minseok,3/26/1990,EXO,South Korea,173,65,Guri,M
Suho,Kim Junmyeon,5/22/1991,EXO,South Korea,173,65,Seoul,M
Lay,Zhang Yixing,10/7/1991,EXO,China,177,60,Changsa,M
Baekhyun,Byun Baekhyun,5/6/1992,EXO,South Korea,174,58,Wonmi,M
Chen,Kim Jongdae,9/21/1992,EXO,South Korea,173,64,Silheung,M
Chanyeol,Park Chanyeol,11/27/1992,EXO,South Korea,185,70,Seoul,M
D.O.,Do Kyungsoo,1/12/1993,EXO,South Korea,173,60,Gyeonggi,M
Kai,Kim Jongin,1/14/1994,EXO,South Korea,182,65,Suncheon,M
Sehun,Oh Sehun,4/12/1994,EXO,South Korea,181,63,Seoul,M
Luhan,Lu Han,4/20/1990,,China,178,62,Haidian,M
Kris,Wu Yifan,11/6/1990,,Canada,187,73,Guangzhou,M
Tao,Hwang Zitao,5/2/1993,,China,183,70,Qingdao,M
Jinyoung,Jung Jinyoung,11/18/1991,,South Korea,178,58,Chungju,M
CNU,Shin Dongwoo,6/16/1991,B1A4,South Korea,182,64,Seoul,M
Sandeul,Lee Junghwan,3/20/1992,B1A4,South Korea,178,62,Busan,M
Baro,Cha Sunwoo,9/5/1992,,South Korea,178,63,Gwangju,M
Gongchan,Gong Chansik,8/14/1993,B1A4,South Korea,181,60,Suncheon,M
Yongguk,Bang Yongguk,3/31/1990,B.A.P,South Korea,182,60,Incheon,M
Himchan,Kim Himchan,4/19/1990,B.A.P,South Korea,180,69,Seoul,M
Daehyun,Jung Daehyun,6/28/1993,B.A.P,South Korea,177,63,Busan,M
Youngjae,Yoo Youngjae,1/24/1994,B.A.P,South Korea,178,65,Seoul,M
Jongup,Moon Jongup,2/6/1995,B.A.P,South Korea,176,66,Seoul,M
Zelo,Choi Junhong,10/15/1996,B.A.P,South Korea,182,63,Mokpo,M
Zico,Woo Jiho,9/14/1992,Block B,South Korea,182,65,Seoul,M
Taeil,Lee Taeil,9/24/1990,Block B,South Korea,167,57,Seoul,M
B-Bomb,Lee Minhyuk,12/14/1990,Block B,South Korea,178,60,Seoul,M
Jaehyo,Ahn Jaehyo,12/23/1990,Block B,South Korea,182,60,Busan,M
U-Kwon,Kim Yukwon,4/9/1992,Block B,South Korea,176,63,Suwon,M
Park Kyung,Park Kyung,7/8/1992,Block B,South Korea,176,56,Seoul,M
P.O,Pyo Jihoon,2/2/1993,Block B,South Korea,181,64,Seoul,M
Doojoon,Yoon Doojoon,7/4/1989,Highlight,South Korea,177,66,Goyang,M
Junhyung,Yong Junyung,12/19/1989,Highlight,South Korea,178,64,Seoul,M
Yoseob,Yang Yoseob,1/5/1990,Highlight,South Korea,171,56,Seoul,M
Gikwang,Lee Gikwang,3/30/1990,Highlight,South Korea,171,58,Gwangju,M
Dongwoon,Son Dongwoon,6/6/1991,Highlight,South Korea,181,64,Busan,M
Hyunseung,Jang Hyunseung,9/3/1989,,South Korea,177,58,Suncheon,M
Jin,Kim Seokjin,12/4/1992,BTS,South Korea,179,63,Gwacheon,M
Suga,Min Yoongi,3/9/1993,BTS,South Korea,176,59,Daegu,M
J-Hope,Jung Hoseok,2/18/1994,BTS,South Korea,177,65,Gwangju,M
RM,Kim Namjoon,9/12/1994,BTS,South Korea,181,67,Ilsan,M
Jimin,Park Jimin,10/13/1995,BTS,South Korea,175,61,Busan,M
V,Kim Taehyung,12/30/1995,BTS,South Korea,179,62,Daegu,M
Jungkook,Jeon Jungkook,9/1/1997,BTS,South Korea,178,66,Busan,M
Sungkyu,Kim Sungkyu,4/28/1989,Infinite,South Korea,178,62,Jeonju,M
Dongwoo,Jang Dongwoo,11/22/1990,Infinite,South Korea,171,58,Guri,M
Woohyun,Nam Woohyun,2/8/1991,Infinite,South Korea,176,52,Seoul,M
Hoya,Lee Howon,3/28/1991,,South Korea,178,60,Busan,M
Sungyeol,Lee Sungyeol,8/27/1991,Infinite,South Korea,183,59,Yongin,M
L,Kim Myungsoo,3/13/1992,Infinite,South Korea,180,60,Seoul,M
Sungjong,Lee Sungjong,9/3/1993,Infinite,South Korea,177,54,Gwangju,M
N,Cha Hakyeon,6/30/1990,VIXX,South Korea,180,65,Changwon,M
Leo,Jung Taekwon,11/10/1990,VIXX,South Korea,183,63,Seoul,M
Ken,Lee Jaehwan,4/6/1992,VIXX,South Korea,180,65,Seoul,M
Ravi,Kim Wonsik,2/15/1993,VIXX,South Korea,183,65,Seoul,M
Hongbin,Lee Hongbin,9/29/1993,VIXX,South Korea,181,62,Seoul,M
Hyuk,Han Sanghyuk,7/5/1995,VIXX,South Korea,181,62,Daejeon,M
Jun. K,Kim Minjun,1/15/1988,2PM,South Korea,180,68,Daegu,M
Nichkhun,Nichkhun Horvejkul,6/24/1988,2PM,Thailand,180,64,California,M
Taecyeon,Ok Taecyeon,12/27/1988,2PM,South Korea,185,76,Busan,M
Wooyoung,Jang Wooyoung,4/30/1989,2PM,South Korea,178,65,Busan,M
Junho,Lee Junho,1/25/1990,2PM,South Korea,178,67,Ilsan,M
Chansung,Hwang Chansung,2/11/1990,2PM,South Korea,184,75,Seoul,M
Jeongkyun,Jeong Jeongkyun,11/27/1987,,South Korea,180,60,,M
Ron,Cheon Byeonghwa,1/22/1991,Bigflo,South Korea,183,62,,M
Yoosung,Jeong Yoosung,10/8/1992,,South Korea,175,52,,M
Z-UK,Jeong Jaewook,1/27/1993,,South Korea,174,62,,M
HighTop,Lim Hyeontae,3/19/1994,Bigflo,South Korea,178,60,,M
Kichun,Hwang Kichun,3/14/1992,,South Korea,179,63,,M
Eunkwang,Seo Eunkwang,11/22/1990,BtoB,South Korea,173,62,Yongin,M
Minhyuk,Lee Minhyuk,11/29/1990,BtoB,South Korea,173,61,Seoul,M
Changsub,Lee Changsub,2/26/1991,BtoB,South Korea,177,64,Suwon,M
Hyunsik,Lim Hyunsik,3/7/1992,BtoB,South Korea,177,66,Ilsan,M
Peniel,Shin Donggeun,3/10/1993,BtoB,South Korea,175,63,Chicago,M
Ilhoon,Jung Ilhoon,10/4/1994,BtoB,South Korea,176,64,Seoul,M
Sungjae,Yook Sungjae,5/2/1995,BtoB,South Korea,180,68,Yongin,M
S.Coups,Choi Seungcheol,8/8/1995,Seventeen,South Korea,177,63,Daegu,M
Wonwoo,Jeon Wonwoo,7/17/1996,Seventeen,South Korea,180,57,Changwon,M
Mingyu,Kim Mingyu,4/6/1997,Seventeen,South Korea,185,65,Anyang,M
Vernon,Choi Hansol,2/18/1998,Seventeen,USA,176,56,New York,M
Woozi,Lee Jihoon,11/22/1996,Seventeen,South Korea,165,54,Busan,M
Jeonghan,Yoon Jeonghan,10/4/1995,Seventeen,South Korea,175,54,Seoul,M
Joshua,Hong Jisoo,12/30/1995,Seventeen,USA,176,63,Los Angeles,M
DK,Lee Seongmin,2/18/1997,Seventeen,South Korea,178,68,Yongin,M
Seungkwan,Boo Seungkwan,1/16/1998,Seventeen,South Korea,172,58,Jeju,M
Hoshi,Kwon Soonyoung,6/15/1996,Seventeen,South Korea,178,63,Namyangju,M
Jun,Weng Junhui,6/10/1996,Seventeen,China,180,63,Shenzen,M
The8,Xu Minghao,11/7/1997,Seventeen,China,175,53,Anshan,M
Dino,Lee Chan,2/11/1999,Seventeen,South Korea,167,54,Iksan,M
Kyungil,Song Kyungil,11/28/1987,HISTORY,South Korea,183,72,,M
Dokyun,Na Dokyun,2/11/1991,HISTORY,South Korea,184,65,Daejeon,M
Sihyoung,Kim Sihyoung,5/15/1992,HISTORY,South Korea,182,63,Busan,M
Jaeho,Kim Jaeho,9/17/1992,HISTORY,South Korea,174,58,,M
Yijeong,Jang Yijeong,9/10/1993,HISTORY,South Korea,173,58,Jinju,M
Donghyun,Kim Donghyun,2/12/1989,Boyfriend,South Korea,178,60,Seoul,M
Hyunseong,Shim Hyunseong,6/9/1993,Boyfriend,South Korea,178,58,Yeongcheon,M
Jeongmin,Lee Jeongmin,2/1/1994,Boyfriend,South Korea,173,60,Suwon,M
Youngmin,Jo Youngmin,4/24/1995,Boyfriend,South Korea,180,0,Anyang,M
Kwangmin,Jo Kwangmin,4/24/1995,Boyfriend,South Korea,180,0,Anyang,M
Minwoo,No Minwoo,7/31/1995,Boyfriend,South Korea,174,60,Anyang,M
Seyoung,Lee Seyoung,2/8/1990,CROSS GENE,South Korea,180,60,Busan,M
Casper,Chu Xiaoxiang,3/20/1991,CROSS GENE,China,176,66,Shanghai,M
Shin,Shin Wonho,10/23/1991,CROSS GENE,South Korea,185,66,Seoul,M
Takuya,Terada Takuya,3/18/1992,CROSS GENE,Japan,187,68,Moriya,M
Sangmin,Kim Sangmin,7/7/1992,CROSS GENE,South Korea,178,67,Jinju,M
Yongseok,Kim Yongseok,1/8/1993,CROSS GENE,South Korea,176,64,Seoul,M
J.seph,Kim Taehyung,6/21/1992,KARD,South Korea,0,0,,M
BM,Matthew Kim,10/20/1992,KARD,South Korea,0,0,,M
Somin,Jeon Somin,8/22/1996,KARD,South Korea,0,0,Seoul,F
Jiwoo,Jeon Jiwoo,10/4/1996,KARD,South Korea,0,0,,F
Youngji,Hur Youngji,8/30/1994,,South Korea,0,0,Goyang,F
Gyuri,Park Gyuri,5/21/1988,KARA,South Korea,0,0,Seoul,F
Seungyeon,Han Seungyeon,7/24/1988,KARA,South Korea,0,0,Seoul,F
Hara†,Koo Hara,1/13/1991,KARA,South Korea,0,0,Gwangju,F
Nicole,Nicole Jung,10/7/1991,,South Korea,0,0,Los Angeles,F
Jiyoung,Kang Jiyoung,1/18/1994,,South Korea,0,0,Paju,F
Jinho,Jo Jinho,4/17/1992,PENTAGON,South Korea,0,0,,M
Hui,Lee Hwitaek,8/28/1993,PENTAGON,South Korea,0,0,,M
Hongseok,Yang Hongseok,4/17/1994,PENTAGON,South Korea,0,0,,M
E'Dawn,Kim Hyojong,6/1/1994,,South Korea,0,0,,M
Shinwon,Go Shinwon,12/11/1995,PENTAGON,South Korea,0,0,,M
Yeo One,Yeon Changgu,3/27/1996,PENTAGON,South Korea,0,0,,M
Yan An,Yan An,10/25/1996,PENTAGON,China,0,0,Shanghai,M
Yuto,Adachi Yuto,1/23/1998,PENTAGON,Japan,0,0,,M
Kino,Kang Hyungku,1/27/1998,PENTAGON,South Korea,0,0,,M
Wooseok,Jeong Wooseok,1/31/1998,PENTAGON,South Korea,0,0,,M
Moonhee,Choi Moonhee,4/15/1997,Bonus Baby,South Korea,167,0,,F
Hayoon,Jung Hayoon,11/21/1998,Bonus Baby,South Korea,163,0,,F
Chaehyun,Kim Chaehyun,11/29/1999,Bonus Baby,South Korea,163,0,,F
Dayun,Kim Dayun,11/20/2000,Bonus Baby,South Korea,164,0,,F
Gaon,Beom Gaon,3/9/2001,Bonus Baby,South Korea,163,0,,F
Kongyoo,Kong Yoojin,5/11/2001,Bonus Baby,South Korea,163,0,,F
Chaekyung,Yoon Chaekyung,7/7/1996,APRIL,South Korea,160,45,Incheon,F
Rachel,Sung Nayeon,8/28/2000,APRIL,South Korea,0,0,,F
Sohee,Kim Sohee,1/20/1995,Nature,South Korea,162,41,Busan,F
Lee Haein,Lee Haein,7/4/1992,I.B.I,South Korea,165,49,Changwon,F
Lee Suhyun,Lee Suhyun,11/5/1996,I.B.I,South Korea,167,50,Ansan,F
Han Hyeri,Han Hyeri,8/24/1997,I.B.I,South Korea,159,42,Gwangmyeong,F
Hyosung,Jun Hyoseong,10/13/1989,SECRET,South Korea,0,0,Cheongju,F
Hana,Jung Hana,2/2/1990,SECRET,South Korea,0,0,Uljeongbu,F
Jieun,Song Jieun,5/5/1990,SECRET,South Korea,0,0,Seoul,F
Sunhwa,Han Sunhwa,10/6/1990,,South Korea,0,0,Busan,F
Heeyu,Choi Heejae,6/30/1995,MIXX,South Korea,159,0,,F
Mia,Son Hyunmi,12/31/1997,MIXX,South Korea,174,0,,F
Heejin,Jeon Heejin,10/19/2000,LOONA,South Korea,0,0,Seongnam,F
Hyunjin,Kim Hyunjin,11/15/2000,LOONA,South Korea,0,0,Jeonju,F
Haseul,Jo Haseul,8/18/1997,LOONA,South Korea,0,0,Ansan,F
Yeojin,Im Yeojin,11/11/2002,LOONA,South Korea,0,0,Guro,F
Handong,Han Dong,3/26/1996,Dreamcatcher,China,0,0,Wuhan,F
Gahyeon,Lee Gahyeon,2/3/1999,Dreamcatcher,South Korea,0,0,Seongnam,F
Nayoung,Im Nayoung,12/18/1995,Pristin,South Korea,171,51,Chungcheongham,F
Roa,Kim Minkyung,7/29/1997,Hinapia,South Korea,172,49,,F
Yuha,Kang Kyungwon,11/5/1997,Hinapia,South Korea,170,50,,F
Eunwoo,Jeong Eunwoo,7/1/1998,Hinapia,South Korea,167,48,,F
Rena,Kang Yebin,10/19/1998,Hinapia,South Korea,162,49,,F
Kyulkyung,Zhou Jieqiong,12/16/1998,Pristin,China,167,49,Taizhou,F
Yehana,Kim Yewon,2/22/1999,Pristin,South Korea,0,0,Ilsan,F
Sungyeon,Bae Sungyeon,5/25/1999,Pristin,USA,0,0,California,F
Xiyeon,Park Junghyun,11/14/2000,Pristin,South Korea,164,51,,F
Kyla,Kyla Massie,12/26/2001,Pristin,USA,0,0,California,F
Alice,Song Joohee,3/21/1990,Hello Venus,South Korea,166,47,Wonju,F
Nara,Kwon Nara,3/13/1991,Hello Venus,South Korea,172,52,Seongnam,F
Lime,Kim Hyerim,1/19/1993,Hello Venus,South Korea,169,50,,F
Seoyoung,Lee Seoyoung,6/27/1994,Hello Venus,South Korea,164,50,,F
Yooyoung,Lee Yooyoung,1/23/1995,Hello Venus,South Korea,170,49,Suwon,F
Yeoreum,Ahn Chaeyeon,6/4/1996,Hello Venus,South Korea,167,48,,F
Eunice,Heo Sooyeon,9/2/1991,DIA,South Korea,166,49,Busan,F
Huihyeon,Ki Huihyeon,6/16/1995,DIA,South Korea,167,46,Namwon,F
Jenny,Lee Soyul,9/4/1996,,South Korea,165,47,Seoul,F
Yebin,Baek Yebin,7/13/1997,DIA,South Korea,164,43,Chuncheon,F
Eunjin,Ahn Eunjin,8/31/1997,,South Korea,170,49,Mokpo,F
Chaeyeon,Jung Chaeyeon,12/1/1997,DIA,South Korea,165,49,Suncheon,F
Eunchae,Kwon Chaewon,5/26/1999,DIA,South Korea,0,0,,F
Taeil,Moon Taeil,6/14/1994,NCT,South Korea,171,60,Seoul,M
Taeyong,Lee Taeyong,7/1/1995,NCT,South Korea,0,0,,M
Doyoung,Kim Dongyoung,2/1/1996,NCT,South Korea,0,0,Guri,M
Ten,Chittaphon Leechaiyapornkul,2/27/1996,NCT,Thailand,0,0,Bangkok,M
Jaehyun,Jung Yoonoh,2/14/1997,NCT,South Korea,0,0,Seoul,M
Mark,Mark Lee,8/2/1999,NCT,Canada,0,0,Vancouver,M
Johnny,John Seo,2/9/1995,NCT,USA,0,0,Chicago,M
Yuta,Nakamoto Yuta,10/26/1995,NCT,Japan,0,0,Osaka,M
Winwin,Dong Sicheng,10/28/1997,NCT,China,0,0,Zhejiang,M
Haechan,Lee Donghyuk,6/6/2000,NCT,South Korea,0,0,,M
Renjun,Hwang Renjun,3/23/2000,NCT,China,0,0,Jilin,M
Jeno,Lee Jeno,4/23/2000,NCT,South Korea,0,0,,M
Jaemin,Na Jaemin,8/13/2000,NCT,South Korea,0,0,,M
Chenle,Zhong Chenle,11/22/2001,NCT,China,0,0,Shanghai,M
Jisung,Park Jisung,2/5/2002,NCT,South Korea,0,0,,M
Soohyun,Shin Soohyun,3/11/1989,U-KISS,South Korea,0,0,Pocheon,M
Kiseop,Lee Kiseop,1/17/1991,U-KISS,South Korea,0,0,Seongnam,M
Eli,Ellison Kim,3/13/1991,U-KISS,USA,0,0,Los Angeles,M
Hoon,Yeo Hoonmin,8/16/1991,U-KISS,South Korea,0,0,Namyangju,M
Kevin,Christopher Woo,11/25/1991,U-KISS,USA,0,0,Los Angeles,M
Jun,Lee Junyoung,1/22/1997,U-KISS,South Korea,0,0,,M
Seungho,Yang Seungho,10/16/1987,MBLAQ,South Korea,0,0,Seoul,M
G.O,Jung Byunghee,11/6/1987,MBLAQ,South Korea,0,0,Changwon,M
Mir,Bang Cheolyong,3/10/1991,MBLAQ,South Korea,0,0,Bukhamyeon,M
Lee Joon,Lee Changseon,2/7/1988,,South Korea,0,0,Seoul,M
Thunder,Park Sanghyun,10/7/1990,,South Korea,0,0,Busan,M
C.A.P,Bang Minsoo,11/4/1992,Teen Top,South Korea,0,0,Seongnam,M
Chunji,Lee Chanhee,10/5/1993,Teen Top,South Korea,0,0,Seongnam,M
L.Joe,Lee Byunghun,11/23/1993,,South Korea,0,0,Gunsan,M
Niel,Ahn Daniel,8/16/1994,Teen Top,South Korea,0,0,Anyang,M
Ricky,Yoo Changhyun,2/27/1995,Teen Top,South Korea,0,0,Seoul,M
Changjo,Choi Jonghyun,11/16/1995,Teen Top,South Korea,0,0,Chuncheon,M
MJ,Kim Myungjun,3/5/1994,ASTRO,South Korea,0,0,Nowon,M
Jin Jin,Park Jinwoo,3/15/1996,ASTRO,South Korea,0,0,Nowon,M
Eunwoo,Cha Eunwoo,3/30/1997,ASTRO,South Korea,0,0,Gunpo,M
Moon Bin,Moon Bin,1/26/1998,ASTRO,South Korea,0,0,Cheongju,M
Rocky,Park Minhyuk,2/25/1999,ASTRO,South Korea,0,0,Jinju,M
Sanha,Yoon Sanha,3/21/2000,ASTRO,South Korea,0,0,Seoul,M
Kevin,Kevin Jiyeop Kim,2/23/1988,ZE:A,South Korea,0,0,Sydney,M
Kwanghee,Hwang Kwanghee,8/25/1988,ZE:A,South Korea,0,0,Paju,M
Siwan,Yim Siwan,12/1/1988,ZE:A,South Korea,0,0,Busan,M
Lee Hoo,Moon Junyoung,2/9/1989,ZE:A,South Korea,0,0,Seoul,M
Taeheon,Kim Taeheon,6/18/1989,ZE:A,South Korea,0,0,Gwangju,M
Heechul,Jung Heechul,12/9/1989,ZE:A,South Korea,0,0,Jeju,M
Minwoo,Ha Minwoo,9/6/1990,ZE:A,South Korea,0,0,Yangsan,M
Hyungsik,Park Hyungsik,11/16/1991,ZE:A,South Korea,0,0,Yongin,M
Dongjun,Kim Dongjun,2/11/1992,ZE:A,South Korea,0,0,Busan,M
Shownu,Son Hyunwoo,6/18/1992,MONSTA X,South Korea,0,0,,M
Wonho,Shin Hoseok,3/1/1993,,South Korea,0,0,Anyang,M
Minhyuk,Lee Minhyuk,11/3/1993,MONSTA X,South Korea,0,0,,M
Kihyun,Yoo Kihyun,11/22/1993,MONSTA X,South Korea,0,0,Goyang,M
Hyungwon,Chae Hyungwon,1/15/1994,MONSTA X,South Korea,0,0,Gwangju,M
Jooheon,Lee Jooheon,10/6/1994,MONSTA X,South Korea,0,0,Daegu,M
I.M,Lim Changkyun,1/26/1996,MONSTA X,South Korea,0,0,Gwangju,M
Rain,Jung Jihoon,6/25/1982,,South Korea,0,0,Seosan,M
PSY,Park Jaesang,12/31/1977,,South Korea,0,0,Seoul,M
Gunwoo,Lee Gunwoo,1/30/1989,MYNAME,South Korea,0,0,Daejeon,M
Insoo,Kang Insoo,3/10/1988,MYNAME,South Korea,0,0,Suwon,M
Seyong,Kim Seyong,11/20/1991,MYNAME,South Korea,0,0,Busan,M
JunQ,Kang Junkyu,8/9/1993,MYNAME,South Korea,0,0,Uljeongbu,M
Chaejin,Chae Jinseok,12/26/1995,MYNAME,South Korea,0,0,Seoul,M
Chungha,Kim Chungha,2/9/1996,,South Korea,0,0,Dallas,F
Sohye,Kim Sohye,7/19/1999,,South Korea,0,0,Seoul,F
Yoojung,Choi Yoojung,11/12/1999,Weki Meki,South Korea,0,0,Guri,F
Doyeon,Kim Doyeon,12/4/1999,Weki Meki,South Korea,0,0,Incheon,F
Somi,Jeon Somi,3/9/2001,,South Korea,0,0,Ontario,F
Jinu,Kim Jinwoo,9/26/1991,WINNER,South Korea,0,0,Imja,M
Hoony,Lee Seunghoon,1/11/1992,WINNER,South Korea,0,0,Busan,M
Yoon,Kang Seungyoon,1/21/1994,WINNER,South Korea,0,0,Busan,M
Mino,Song Minho,3/30/1993,WINNER,South Korea,0,0,Yongin,M
Taehyun,Nam Taehyun,5/10/1994,,South Korea,0,0,Hanam,M
B.I,Kim Hanbin,10/22/1996,,South Korea,0,0,Goyang,M
Jay,Kim Jinhwan,2/7/1994,iKON,South Korea,0,0,Jeju,M
Song,Song Yunhyeong,2/8/1995,iKON,South Korea,0,0,,M
Bobby,Kim Jiwon,12/21/1995,iKON,South Korea,0,0,Seoul,M
DK,Kim Donghyuk,1/3/1997,iKON,South Korea,0,0,,M
Ju-ne,Koo Junhoe,3/31/1997,iKON,South Korea,0,0,Seoul,M
Chan,Jung Chanwoo,1/26/1998,iKON,South Korea,0,0,Yongin,M
I,Cha Yoonji,12/2/1996,,South Korea,0,0,Busan,F
Jae,Park Jaehyung,9/15/1992,DAY6,South Korea,0,0,Buenos Aires,M
Sungjin,Park Sungjin,1/16/1993,DAY6,South Korea,0,0,,M
Young K,Kang Young-hyun,12/19/1993,DAY6,South Korea,0,0,,M
Wonpil,Kim Wonpil,4/28/1994,DAY6,South Korea,0,0,,M
Dowoon,Yoon Dowoon,8/25/1995,DAY6,South Korea,0,0,,M
Junhyeok,Kim Junhyeok,7/17/1993,,South Korea,0,0,,M
Yonghwa,Jung Yonghwa,6/22/1989,CNBLUE,South Korea,0,0,Seoul,M
Jonghyun,Lee Jonghyun,5/15/1990,CNBLUE,South Korea,0,0,Busan,M
Minhyuk,Kang Minhyuk,6/28/1991,CNBLUE,South Korea,0,0,Ilsan,M
Jungshin,Lee Jungshin,9/15/1991,CNBLUE,South Korea,0,0,,M
Jonghoon,Choi Jonghoon,3/7/1990,FTISLAND,South Korea,0,0,Seoul,M
Honggi,Lee Honggi,3/2/1990,FTISLAND,South Korea,0,0,Gwangju,M
Jaejin,Lee Jaejin,12/17/1991,FTISLAND,South Korea,0,0,Cheongju,M
Seunghyun,Song Seungyun,8/21/1992,FTISLAND,South Korea,0,0,Seoul,M
Minhwan,Choi Minhwan,11/11/1992,FTISLAND,South Korea,0,0,Seoul,M
Kwangjin,Kwon Kwangjin,8/12/1992,N.Flying,South Korea,0,0,Seoul,M
Seunghyub,Lee Seunghyub,10/31/1992,N.Flying,South Korea,0,0,Daegu,M
Cha Hoon,Cha Hoon,7/12/1994,N.Flying,South Korea,0,0,Seoul,M
Jaehyun,Kim Jaehyun,7/15/1994,N.Flying,South Korea,0,0,Seoul,M
Inseong,Kim Inseong,7/12/1993,SF9,South Korea,0,0,,M
Youngbin,Kim Youngbin,11/23/1993,SF9,South Korea,0,0,,M
Jaeyoon,Lee Jaeyoon,8/9/1994,SF9,South Korea,0,0,,M
Dawon,Lee Sanghyuk,7/24/1995,SF9,South Korea,0,0,,M
Zuho,Bae Juho,7/4/1996,SF9,South Korea,0,0,,M
Rowoon,Kim Seokwoo,8/7/1996,SF9,South Korea,0,0,,M
Taeyang,Yoo Taeyang,2/28/1997,SF9,South Korea,0,0,,M
Hwiyoung,Kim Youngkyun,5/11/1999,SF9,South Korea,0,0,,M
Chani,Kang Chanhee,1/17/2000,SF9,South Korea,0,0,,M
Johyun,Shin Jiwon,4/14/1996,Berry Good,South Korea,0,0,,F
Serri,Park Miyeon,9/16/1990,Dal Shabet,South Korea,0,0,Seoul,F
Ahyoung,Cho Jayoung,5/26/1991,Dal Shabet,South Korea,0,0,Seoul,F
Woohee,Bae Woohee,11/21/1991,Dal Shabet,South Korea,0,0,Busan,F
Subin,Park Subin,2/12/1994,Dal Shabet,South Korea,0,0,Gwangju,F
Jiyul,Yang Jungyoon,7/30/1991,,South Korea,0,0,Seoul,F
Gaeun,Cho Kaeun,7/28/1992,,South Korea,0,0,Changwon,F
Viki,Kang Eunhye,3/28/1988,,South Korea,0,0,Seoul,F
Haeri,Lee Haeri,2/14/1985,Davichi,South Korea,0,0,Seoul,F
Minkyung,Kang Minkyung,8/3/1990,Davichi,South Korea,0,0,Goyang,F
Sulli†,Choi Jinri,3/29/1994,,South Korea,0,0,Busan,F
Ashley,Ashley Choi,11/9/1991,Ladies' Code,South Korea,0,0,Incheon,F
Sojung,Lee Sojung,9/3/1993,Ladies' Code,South Korea,0,0,Wonju,F
Zuny,Kim Joomi,12/8/1994,Ladies' Code,South Korea,0,0,Gwangju,F
Yunji,Lee Yunji,4/4/1992,Playback,South Korea,0,0,,F
Hayoung,Lee Hayoung,8/3/1993,Playback,South Korea,0,0,,F
Yujin,Seo Yoojin,6/18/1994,Playback,South Korea,0,0,,F
Woolim,Hwang Woolim,8/29/1996,Playback,South Korea,0,0,,F
Red,Lee Heejin,7/10/1991,Pungdeng-E,South Korea,163,0,Daegu,F
Yellow,Kim Eunbi,5/5/1993,Pungdeng-E,South Korea,156,0,Seoul,F
Blue,Jung Gahee,1/18/1994,Pungdeng-E,South Korea,161,0,Gwangju,F
Jaekyung,Kim Jaekyung,12/24/1988,Rainbow,South Korea,168,45,Seoul,F
Woori,Go Woori,2/22/1988,Rainbow,South Korea,165,44,Jeonju,F
Seungah,Oh Seungah,9/13/1988,Rainbow,South Korea,167,45,Seoul,F
Noeul,No Eul,5/10/1989,Rainbow,South Korea,164,44,Jeonju,F
Yoonhye,Jung Yoonhye,4/14/1990,Rainbow,South Korea,166,47,Daejeon,F
Jisook,Kim Jisook,7/18/1990,Rainbow,South Korea,164,41,Suwon,F
Hyunyoung,Cho Hyunyoung,8/11/1991,Rainbow,South Korea,160,41,Seoul,F
J-Hoon,Lim Junghoon,7/15/1990,B.I.G,South Korea,172,62,Seoul,M
Benji,Baek Jaewook,5/3/1992,B.I.G,USA,183,72,Indianapolis,M
Gunmin,Lee Gunmin,10/3/1994,B.I.G,South Korea,177,64,Gangwon,M
Minpyo,Gook Minpyo,11/15/1994,B.I.G,South Korea,173,57,Gwangju,M
Heedo,Yoon Heedo,4/22/1996,B.I.G,South Korea,180,60,Seoul,M
Vivi,Wong Viian,12/9/1996,LOONA,Hong Kong,0,0,Hong Kong,F
Minjae,Shin Minjae,8/13/1991,Tahiti,South Korea,0,0,Busan,F
Miso,Park Miso,4/4/1991,Tahiti,South Korea,0,0,Gwangju,F
Jerrry,Ahn Sohyun,8/27/1992,Tahiti,South Korea,0,0,Seoul,F
Jisoo,Shin Jisoo,2/28/1994,Tahiti,South Korea,0,0,Chuncheon,F
Ari,Kim Sunyoung,10/23/1994,Tahiti,South Korea,0,0,Daegu,F
Sihyun,Park Sihyun,11/29/1986,SPICA,South Korea,0,0,,F
Boa,Kim Boah,1/14/1987,KEEMBO,South Korea,0,0,,F
Narae,Park Narae,2/23/1988,SPICA,South Korea,0,0,Incheon,F
Jiwon,Yang Jiwon,4/5/1988,UNI.T,South Korea,0,0,Seoul,F
Bohyung,Kim Bohyung,3/31/1991,KEEMBO,South Korea,0,0,,F
Gayoung,Kim Gayoung,12/2/1991,Stellar,South Korea,0,0,Seoul,F
Minhee,Joo Minhee,1/3/1993,Stellar,South Korea,0,0,Seoul,F
Hyeoeun,Lee Hyoeun,3/16/1993,Stellar,South Korea,0,0,Seoul,F
Jeonyul,Jeon Yuri,3/20/1994,Stellar,South Korea,0,0,Seoul,F
Jiyou,Im Changsook,6/15/1989,Two X,South Korea,0,0,,F
Eun,Choi Eunmi,5/14/1990,Two X,South Korea,0,0,,F
Surin,Kim Surin,12/27/1991,Two X,South Korea,0,0,,F
Eunyoung,Joo Eunyoung,6/12/1992,Two X,South Korea,0,0,,F
Nari,Kim Nari,10/5/1992,Wassup,South Korea,0,0,,F
Jiae,Kim Jiae,10/31/1995,Wassup,South Korea,0,0,,F
Sujin,Bang Sujin,6/26/1996,Wassup,South Korea,0,0,,F
Woojoo,Kim Woojoo,8/12/1996,Wassup,South Korea,0,0,,F
Jinju,Park Jinju,4/28/1990,,South Korea,0,0,,F
Dain,Song Jieun,6/25/1990,,South Korea,0,0,,F
Nada,Yoon Yejin,5/24/1991,,South Korea,0,0,,F
Minwoo†,Seo Minwoo,2/8/1985,100%,South Korea,0,0,Daegu,M
Rokhyun,Kim Rokhyun,2/10/1991,100%,South Korea,0,0,Suncheon,M
Jonghwan,Jo Jonghwan,11/23/1992,100%,South Korea,0,0,Seoul,M
Chanyong,Kim Chanyong,4/29/1993,100%,South Korea,0,0,Suwon,M
Hyukjin,Jang Hyukjin,12/20/1993,100%,South Korea,0,0,Busan,M
Sanghoon,Lee Sanghoon,12/23/1993,,South Korea,0,0,Cheongju,M
Changbum,Woo Changbum,10/7/1993,,South Korea,0,0,Sokcho,M
Cory,Hong Joohyung,11/25/1990,24K,South Korea,175,58,Daegu,M
Sungoh,Yoo Sungoh,1/8/1991,,South Korea,0,0,,M
Kisu,Choi Kisu,10/2/1990,24K,South Korea,179,60,Seoul,M
Daeil,Kim Daeil,5/10/1992,,South Korea,0,0,Busan,M
Jeonguk,Kim Jeonguk,3/20/1993,24K,South Korea,178,58,Busan,M
Hui,Liang Hui,7/18/1995,24K,China,178,58,,M
Changsun,Lee Changsun,3/17/1996,24K,South Korea,179,58,,M
Jinhong,Kim Jinhong,1/2/1998,24K,South Korea,180,53,Seoul,M
Hongseob,Shim Hongseob,1/8/1998,24K,South Korea,177,58,,M
Onejunn,Jo Wonjun,11/22/1988,Boys Republic,South Korea,179,61,Changwon,M
Sunwoo,Choi Sunwoo,3/12/1992,Boys Republic,South Korea,183,65,Seoul,M
Sungjun,Park Sungjun,12/17/1992,Boys Republic,South Korea,175,55,Ansan,M
Minsu,Park Minsu,4/15/1993,Boys Republic,South Korea,172,55,Gwangju,M
Suwoong,Lee Suwoong,1/20/1995,Boys Republic,South Korea,174,56,,M
JB,Im Jaebum,1/6/1994,GOT7,South Korea,179,63,Goyang,M
Mark,Mark Yien Tuan,9/4/1993,GOT7,USA,175,59,Los Angeles,M
Jackson,Jackson Wang,3/28/1994,GOT7,Hong Kong,174,63,Hong Kong,M
Jinyoung,Park Jinyoung,9/22/1994,GOT7,South Korea,178,63,Changwon,M
Youngjae,Choi Youngjae,9/17/1996,GOT7,South Korea,175,59,Mokpo,M
BamBam,Kunpimook Bhuwakul,5/2/1997,GOT7,Thailand,170,52,Bangkok,M
Yugyeom,Kim Yugyeom,11/17/1997,GOT7,South Korea,180,64,Namyangju,M
Aron,Kwak Youngmin,5/21/1993,NU'EST,South Korea,0,0,California,M
JR,Kim Jonghyun,6/8/1995,NU'EST,South Korea,0,0,Gangwon,M
Baekho,Kang Dongho,7/21/1995,NU'EST,South Korea,0,0,Jeju,M
Minhyun,Hwang Minhyun,8/9/1995,NU'EST,South Korea,0,0,Busan,M
Ren,Choi Minki,11/3/1995,NU'EST,South Korea,0,0,Busan,M
Junhyuk,Choi Junhyuk,4/21/1992,HOTSHOT,South Korea,0,0,Ulsan,M
Timoteo,Kim Moongyu,1/25/1993,HOTSHOT,South Korea,0,0,,M
Taehyun,Noh Taehyun,10/15/1993,HOTSHOT,South Korea,0,0,Seoul,M
Sungwoon,Ha Sungwoon,3/22/1994,Wanna One,South Korea,0,0,Goyang,M
Yoonsan,Yoon Sanghyuk,8/22/1994,HOTSHOT,South Korea,0,0,,M
Hojung,Go Hojung,10/20/1994,HOTSHOT,South Korea,0,0,,M
Jisung,Yoon Jisung,3/8/1991,Wanna One,South Korea,0,0,Wonju,M
Seongwu,Ong Seunwu,8/25/1995,Wanna One,South Korea,0,0,Incheon,M
Jaehwan,Kim Jaehwan,5/27/1996,Wanna One,South Korea,0,0,Seoul,M
Daniel,Kang Daniel,12/10/1996,Wanna One,South Korea,0,0,Busan,M
Jihoon,Park Jihoon,5/29/1999,Wanna One,South Korea,0,0,Masan,M
Woojin,Park Woojin,11/2/1999,AB6IX,South Korea,0,0,Busan,M
Jinyoung,Bae Jinyoung,5/10/2000,CIX,South Korea,0,0,Seoul,M
Daehwi,Lee Daehwi,1/29/2001,AB6IX,South Korea,0,0,Seoul,M
Lai Kuanlin,Lai Kuanlin,9/23/2001,Wanna One,Taiwan,0,0,New Taipei,M
Jueun,Lee Jooeun,7/7/1995,DIA,South Korea,0,0,Suwon,F
Somyi,Ahn Somyi,1/26/2000,DIA,South Korea,0,0,Changwon,F
Daisy,Yoo Jeongahn,1/22/1999,,South Korea,0,0,Seoul,F
Taeha,Kim Taeha,6/3/1998,,South Korea,0,0,Jeonju,F
Hyojin,Kim Hyojin,4/22/1994,ONF,South Korea,0,0,Seoul,M
E-tion,Lee Changyoon,12/24/1994,ONF,South Korea,0,0,Jeonju,M
J-Us,Lee Seungjoon,1/13/1995,ONF,South Korea,0,0,Seoul,M
Wyatt,Shim Jaeyoung,1/23/1995,ONF,South Korea,0,0,Seoul,M
MK,Park Minkyun,11/16/1995,ONF,South Korea,0,0,Ilsan,M
U,Mizuguchi Yuto,3/16/1999,ONF,Japan,0,0,Osaka,M
Laun,Kim Minseok,8/12/1999,,South Korea,0,0,Seongsan,M
Donghun,Lee Donghun,5/15/1993,A.C.E,South Korea,0,0,Suncheon,M
Wow,Kim Seyoon,2/28/1993,A.C.E,South Korea,0,0,Gyeonggi,M
Jun,Park Junhee,6/2/1994,A.C.E,South Korea,0,0,Jeolla,M
Jason,Kim Byeongkwan,8/13/1996,A.C.E,South Korea,0,0,Seoul,M
Chan,Kang Yoochan,12/31/1997,A.C.E,South Korea,0,0,Jeju,M
Suyeon,Ji Suyeon,4/20/1997,Weki Meki,South Korea,0,0,,F
Elly,Jung Haerim,7/20/1998,Weki Meki,South Korea,0,0,,F
Sei,Lee Seojung,1/7/2000,Weki Meki,South Korea,0,0,,F
Lua,Kim Sookyung,10/6/2000,Weki Meki,South Korea,0,0,,F
Rina,Kang Soeun,9/27/2001,Weki Meki,South Korea,0,0,,F
Lucy,Noh Hyojung,8/31/2002,Weki Meki,South Korea,0,0,Goyang,F
Hweseung,Yoo Hweseung,2/28/1995,N.Flying,South Korea,0,0,,M
Kim Lip,Kim Jungeun,2/10/1999,LOONA,South Korea,0,0,,F
JinSoul,Jung Jinsol,6/13/1997,LOONA,South Korea,0,0,,F
Choerry,Choi Yerim,6/4/2001,LOONA,South Korea,0,0,,F
Do-A,Choi Yuna,2/2/1999,ALICE,South Korea,0,0,,F
Yeonje,Yang Yeonje,10/15/1999,ALICE,South Korea,0,0,,F
Yukyung,Lee Yukyung,11/5/1999,ALICE,South Korea,0,0,,F
Sohee,Kim Sohee,12/31/1999,ALICE,South Korea,0,0,,F
Karin,Min Karin,1/5/2002,ALICE,South Korea,0,0,,F
Rui,Watanabe Rui,10/8/1994,H.U.B,Japan,0,0,,F
Gracie,Kim Gaeun,10/28/1996,H.U.B,South Korea,0,0,,F
Yuem,Park Subin,12/25/1996,H.U.B,South Korea,0,0,,F
Hyosun,Lim Hyosun,7/10/1998,H.U.B,South Korea,170,54,,F
Keina,Lee Yoona,2/12/1999,H.U.B,South Korea,0,0,,F
Hyunseo,Go Hyunseo,6/17/1999,,South Korea,0,0,,F
Shinyoung,Park Shinyoung,3/19/2000,G-reyish,South Korea,0,0,,F
Yena,Jeong Yena,4/10/2000,G-reyish,South Korea,0,0,,F
Yeso,Lee Yeso,11/13/2001,G-reyish,South Korea,0,0,,F
Haeri,Jung Haeri,1/14/1997,P.O.P,South Korea,0,0,Seoul,F
Ahyung,Kang Ahyoung,8/27/1996,P.O.P,South Korea,0,0,Pohang,F
Miso,Park Jihyun,9/16/1996,P.O.P,South Korea,0,0,Busan,F
Seol,Min Jihye,1/1/1997,P.O.P,South Korea,0,0,Gunsan,F
Yeonjoo,Song Yeonjoo,6/26/1997,P.O.P,South Korea,0,0,Ansan,F
Yeonha,Ahn Yeonji,5/19/2000,P.O.P,South Korea,0,0,Yeondong,F
Daeyeol,Lee Daeyeol,2/11/1993,Golden Child,South Korea,0,0,Yongin,M
Y,Choi Sungyoon,7/31/1995,Golden Child,South Korea,0,0,,M
Jaeseok,Park Jaeseok,11/20/1995,,South Korea,0,0,,M
Jangjun,Lee Jangjun,3/3/1997,Golden Child,South Korea,0,0,,M
TAG,Son Youngtaek,4/13/1998,Golden Child,South Korea,0,0,,M
Seungmin,Bae Seungmin,10/13/1998,Golden Child,South Korea,0,0,,M
Jaehyun,Bong Jaehyun,1/4/1999,Golden Child,South Korea,0,0,,M
Jibeom,Kim Jibeom,2/3/1999,Golden Child,South Korea,0,0,,M
Donghyun,Kim Donghyun,2/23/1999,Golden Child,South Korea,0,0,,M
Joochan,Hong Joochan,7/31/1999,Golden Child,South Korea,0,0,,M
Bomin,Choi Bomin,8/24/2000,Golden Child,South Korea,0,0,,M
Jinhoo,Kim Jinwook,8/2/1995,UP10TION,South Korea,0,0,Changwon,M
Kuhn,Noh Sooil,11/11/1995,UP10TION,South Korea,0,0,Ansan,M
Kongyeol,Go Minsoo,5/19/1996,UP10TION,South Korea,0,0,Bucheon,M
Wei,Lee Sungjun,7/8/1996,UP10TION,South Korea,0,0,Seoul,M
Bitto,Lee Changhyun,8/24/1996,UP10TION,South Korea,0,0,Dongducheon,M
Wooshin,Kim Wooseok,10/27/1996,UP10TION,South Korea,0,0,Daejeon,M
Sunyoul,Seon Yein,11/6/1996,UP10TION,South Korea,0,0,Wando,M
Gyujin,Han Gyujin,11/21/1997,UP10TION,South Korea,0,0,Icheon,M
Hwanhee,Lee Hwanhee,5/6/1998,UP10TION,South Korea,0,0,Daejeon,M
Xiao,Lee Dongyeol,12/13/1998,UP10TION,South Korea,0,0,Busan,M
Heejin,Song Heejin,8/19/1995,Good Day,South Korea,0,0,Seoul,F
Green,Kim Jiwon,7/1/1997,RedSquare,South Korea,0,0,Daegu,F
Chaea,Kim Chaeyoung,7/5/1997,RedSquare,South Korea,0,0,Gunsan,F
Chaesol,Maeng Chaesol,7/14/1998,Cignature,South Korea,0,0,Yeosu,F
Ari,Hwang Nayoon,3/30/1999,RedSquare,South Korea,0,0,Seoul,F
Jeewon,Kim Jiwon,4/1/1999,Cignature,South Korea,0,0,Busan,F
Yeah,Kim Haeun,10/9/1999,,South Korea,0,0,Gongju,F
Sunn,Hwang Jiwon,2/7/2000,,South Korea,0,0,Jincheon,F
Bomin,Kim Bomin,9/24/2001,RedSquare,South Korea,0,0,Gwangju,F
Belle,Jin Hyeonjoo,11/3/2001,Cignature,South Korea,0,0,Goyang,F
Jiyoung,Ahn Jiyoung,9/14/1995,Bolbbalgan4,South Korea,0,0,Yeongju,F
Jiyoon,Woo Jiyoon,1/6/1996,Bolbbalgan4,South Korea,0,0,Yeongju,F
Kid,Kim Junhoe,10/26/1995,VARSITY,South Korea,177,58,,M
Bullet,Jin Junwoo,12/2/1995,VARSITY,South Korea,182,65,Seoul,M
Damon,Hu Boohan,7/2/1996,VARSITY,China,181,0,,M
Xiweol,Kang Minseok,10/21/1996,VARSITY,South Korea,174,0,,M
Xin,Wang Xinwi,11/10/1996,VARSITY,China,185,0,,M
Jaebin,Deung Bin,2/13/1997,VARSITY,China,168,0,Hunan,M
Dann,Jung Seungbo,11/1/1997,Kingdom,South Korea,178,0,Ilsan,M
Riho,Jin Seungwook,3/1/1998,VARSITY,South Korea,178,59,Incheon,M
Anthony,Anthony Lo,3/12/1998,VARSITY,China,179,0,,M
Arthur,Jang Yunho,4/15/2000,Kingdom,South Korea,176,57,,M
Dawon,Cho Dawon,5/12/2000,VARSITY,South Korea,183,69,,M
Manny,Syo Dongchun,11/17/2001,VARSITY,China,170,64,,M
Kangmin,Kim Kangmin,11/13/2001,TRCNG,South Korea,169,0,,M
Hohyeon,Lee Hohyeon,10/14/2001,TRCNG,South Korea,177,0,,M
Siwoo,Yoo Siwoo,5/11/2001,TRCNG,South Korea,178,0,,M
Hyunwoo,Kim Hyunwoo,1/21/2001,TRCNG,South Korea,173,0,,M
Jisung,Kim Jisung,12/21/2000,TRCNG,South Korea,171,0,,M
Wooyeop,Jo Wooyeop,9/27/2000,TRCNG,South Korea,179,0,,M
Hakmin,Lee Hakmin,9/20/2000,TRCNG,South Korea,171,0,,M
Taeseon,Yang Taeseon,9/17/2000,TRCNG,South Korea,182,0,,M
Hayoung,Choi Hayoung,8/22/2000,TRCNG,South Korea,181,0,,M
Jihun,Kim Jihun,1/9/2000,TRCNG,South Korea,176,0,Daegu,M
Hojoon,Jeon Hojoon,10/31/1992,Topp Dogg,South Korea,0,0,Gwangju,M
Sangdo,Yoo Sangdo,3/2/1993,Topp Dogg,South Korea,0,0,Incheon,M
B-Joo,Kim Byungjoo,1/8/1994,Topp Dogg,South Korea,0,0,Seoul,M
Xero,Shin Jiho,2/3/1994,Topp Dogg,South Korea,0,0,Gwangji,M
Kim Sanggyun,Kim Sanggyun,5/23/1995,JBJ95,South Korea,0,0,Gwangju,M
Yano,Seo Sangwon,9/27/1995,Topp Dogg,South Korea,0,0,Seoul,M
Kidoh,Jin Hyosang,12/16/1992,,South Korea,0,0,Seoul,M
Seogoong,Park Hyunho,5/1/1992,,South Korea,0,0,Seongnam,M
Gohn,Kim Dongsung,8/1/1992,,South Korea,0,0,Seoul,M
Jenissi,Kim Taeyang,8/2/1991,,South Korea,0,0,Seoul,M
P-Goon,Park Sehyuk,10/18/1991,,South Korea,0,0,Seoul,M
Nakta,Shin Yooncheol,4/24/1993,,South Korea,0,0,Daegu,M
Hansol,Kim Hansol,6/15/1993,,South Korea,0,0,Busan,M
Kenta,Takada Kenta,1/10/1995,JBJ,Japan,0,0,Fujioka,M
Longguo,Jin Longguo,3/2/1996,JBJ,China,0,0,Heilong,M
Hyunbin,Kwon Hyunbin,3/4/1997,JBJ,South Korea,0,0,Seoul,M
Donghan,Kim Donghan,7/3/1998,WEi,South Korea,0,0,Daegu,M
Seonglee,Kim Seonglee,4/6/1994,,South Korea,173,0,,M
Wontak,Ju Wontak,2/24/1996,,South Korea,178,0,,M
Kiwon,Lee Kiwon,6/27/1996,GIDONGDAE,South Korea,170,0,,M
Daehyeon,Jang Daehyeon,2/11/1997,WEi,South Korea,175,0,,M
Eunki,Hong Eunki,9/29/1997,,South Korea,182,0,,M
Hyunmin,Byun Hyunmin,4/17/1999,,South Korea,170,0,,M
Sunghyuk,Seo Sunghyuk,8/26/1999,,South Korea,170,0,,M
Dayeon,Hwang Da Kyeon,11/17/1995,XUM,South Korea,0,0,,F
Hajeong,Lee Hajeong,9/23/1997,,South Korea,0,0,,F
Baekah,Kim Sua,10/24/1999,XUM,South Korea,0,0,,F
Arang,Son Mnjung,3/8/2000,,South Korea,0,0,,F
Iaan,Yoo Dongju,3/22/2002,XUM,South Korea,0,0,,F
Eunjin,Ma Eunjin,5/23/1997,Playback,South Korea,165,49,Wonju,F
Yves,Ha Sooyoung,5/24/1997,LOONA,South Korea,0,0,,F
Haeyeon,Lee Taeyeon,1/11/1994,Gate9,South Korea,161,0,,F
Yeori,Kim Soyeon,5/30/1994,Gate9,South Korea,164,0,Seoul,F
Haru,Han Sangsook,7/6/1994,Gate9,South Korea,160,0,Bucheon,F
Kady,Gu Dokyoung,4/7/1995,Gate9,South Korea,168,0,Busan,F
Gaga,Lee Soobin,11/10/1994,Gate9,South Korea,164,0,,F
Juju,Park Juyoung,1/3/1996,Gate9,South Korea,168,0,Changwon,F
Taera,Lee Yujin,4/12/1994,Gate9,South Korea,161,0,Incheon,F
Yoon,Ji Hayoon,7/8/1997,Gate9,South Korea,162,0,Busan,F
Vivian,Park Sunghee,12/8/1998,Gate9,South Korea,0,0,,F
Youngmin,Lim Youngmin,12/25/1995,,South Korea,0,0,Busan,M
Donghyun,Kim Donghyun,9/17/1998,AB6IX,South Korea,0,0,Daejeon,M
Chuu,Kim Jiwoo,10/20/1999,LOONA,South Korea,0,0,Cheongju,F
Gowon,Park Chaewon,11/19/2000,LOONA,South Korea,0,0,,F
Saerom,Lee Saerom,1/7/1997,fromis_9,South Korea,0,0,Gangwon,F
Hayoung,Song Hayoung,9/29/1997,fromis_9,South Korea,0,0,Gwangju,F
Gyuri,Jang Gyuri,12/27/1997,,South Korea,0,0,Seoul,F
Jiwon,Park Jiwon,3/20/1998,fromis_9,South Korea,0,0,Busan,F
Jisun,Roh Jisun,11/23/1998,fromis_9,South Korea,0,0,Seoul,F
Seoyeon,Lee Seoyeon,1/22/2000,fromis_9,South Korea,0,0,Seoul,F
Chaeyoung,Lee Chaeyoung,5/14/2000,fromis_9,South Korea,0,0,Pohang,F
Nakyung,Lee Nakyung,6/1/2000,fromis_9,South Korea,159,42,Mungyeong,F
Jiheon,Baek Jiheon,4/17/2003,fromis_9,South Korea,0,0,Jeolla,F
Suhyun,Choi Hyunggeun,10/1/1992,SNUPER,South Korea,0,0,Bucheon,M
Sangil,Shim Sangil,5/1/1993,SNUPER,South Korea,0,0,Seoul,M
Taewoong,Yoo Taewoong,5/24/1994,SNUPER,South Korea,0,0,,M
Woosung,Choi Sunghyuk,9/24/1994,SNUPER,South Korea,0,0,Seoul,M
Sangho,Jo Sangho,2/10/1995,SNUPER,South Korea,0,0,Changwon,M
Sebin,Jang Sebin,4/24/1996,SNUPER,South Korea,0,0,Pocheon,M
Xeheun,Lee Seheun,7/11/1999,Girlkind,South Korea,0,162,,F
Medic Jin,Bae Yujin,8/25/1996,Girlkind,South Korea,0,167,,F
JK,Kim Jikang,3/17/1998,Girlkind,South Korea,0,161,,F
Sun J,Jeon Heesun,2/13/2001,Girlkind,South Korea,0,165,,F
Ellyn,Bang Sunhee,10/19/2002,Girlkind,South Korea,0,170,,F
Seokcheol,Lee Seokchul,1/11/2000,TheEastLight,South Korea,0,170,,M
Eunsung,Lee Eunsung,9/7/2000,TheEastLight,South Korea,0,0,,M
Seunghyun,Lee Seunghyun,12/31/2001,TheEastLight,South Korea,0,0,,M
Junwook,Kim Junwook,1/10/2002,TheEastLight,South Korea,0,0,,M
Sakang,Jeon Sakang,10/26/2002,TheEastLight,South Korea,0,0,,M
Woojin,Lee Woojin,4/3/2003,TheEastLight,South Korea,0,0,,M
Bin,Kwon Soobin,10/28/1993,Hot Blood Youth,South Korea,0,0,,M
Marco,Lee Hyunggeun,5/11/1994,Hot Blood Youth,South Korea,0,0,,M
Taro,Choi Wonjin,11/9/1994,Hot Blood Youth,South Korea,0,0,,M
Kyuhyuk,Shim Kyuhyuk,1/11/1995,Hot Blood Youth,South Korea,0,0,,M
Jisan,Choi Jinsang,11/3/1999,Hot Blood Youth,South Korea,0,0,,M
Taeeun,Moon Taeeun,2/9/2000,IM,South Korea,175,0,,M
Giseok,Jun Giseok,5/2/1997,IM,South Korea,180,0,,M
Hangyul,Lee Hangyul,12/7/1999,BAE173,South Korea,177,0,,M
Gijung,Kim Gijung,1/24/2001,IM,South Korea,180,0,,M
Haena,Lee Haena,6/2/1991,Matilda,South Korea,0,165,,F
Dan-a,Park Seungyeon,6/26/1993,Matilda,South Korea,0,160,,F
Semmi,Oh Heesun,10/22/1995,Matilda,South Korea,0,165,,F
Saebyeol,Han Saebyeol,5/23/1996,Matilda,South Korea,0,168,,F
Yua,Mikami Yua,8/16/1993,Honey Popcorn,Japan,0,0,,F
Miko,Matsuda Miko,10/28/1995,Honey Popcorn,Japan,0,0,,F
Moko,Sakura Moko,3/19/1991,Honey Popcorn,Japan,0,0,,F
Kun,Qian Kun,1/1/1996,NCT,China,0,0,,M
Jungwoo,Kim Jungwoo,2/19/1998,NCT,South Korea,0,0,,M
Lucas,Wong Junghei,1/25/1999,NCT,Hong Kong,0,0,,M
Sangyeon,Lee Sangyeon,11/4/1996,The Boyz,South Korea,176,61,,M
Jacob,Bae Joonyoung,5/30/1997,The Boyz,South Korea,175,60,Toronto,M
Younghoon,Kim Younghoon,8/8/1997,The Boyz,South Korea,182,63,,M
Hyunjae,Lee Jaehyun,9/13/1997,The Boyz,South Korea,180,62,,M
Juyeon,Lee Juyeon,1/16/1998,The Boyz,South Korea,180,67,,M
Kevin,Moon Hyungseo,2/23/1998,The Boyz,Canada,176,66,,M
New,Choi Chanhee,4/26/1998,The Boyz,South Korea,175,51,Jeonju,M
Q,Ji Changmin,11/5/1998,The Boyz,South Korea,175,56,,M
Juhaknyeon,Ju Haknyeon,3/9/1999,The Boyz,South Korea,175,58,Jeju,M
Hwall,Heo Hyunjoon,3/9/2000,,South Korea,178,56,Busan,M
Sunwoo,Kim Sunwoo,4/12/2000,The Boyz,South Korea,177,64,,M
Eric,Son Youngjae,12/22/2000,The Boyz,South Korea,171,56,,M
Bang Chan,Bang Chan,10/3/1997,Stray Kids,Australia,0,0,Sydney,M
Woojin,Kim Woojin,4/8/1997,,South Korea,0,0,Daejeon,M
Lee Know,Lee Minho,10/25/1998,Stray Kids,South Korea,0,0,Gimpo,M
Changbin,Seo Changbin,8/11/1999,Stray Kids,South Korea,0,0,Yongin,M
Hyunjin,Hwang Hyunjin,3/20/2000,Stray Kids,South Korea,0,0,Seoul,M
Han,Han Jisung,9/14/2000,Stray Kids,South Korea,0,0,Incheon,M
Felix,Lee Youngbok,9/15/2000,Stray Kids,South Korea,0,0,Sydney,M
Seungmin,Kim Seungmin,9/22/2000,Stray Kids,South Korea,0,0,Seoul,M
I.N,Yang Jeongin,2/8/2001,Stray Kids,South Korea,0,0,Busan,M
Olivia Hye,Son Hyeju,11/13/2001,LOONA,South Korea,0,0,,F
Samuel,Kim Samuel,1/17/2002,,South Korea,0,0,Los Angeles,M
Kriesha Chu,Kriesha Ziskind Teo Tiu,12/20/1998,,Philippines,0,0,Cebu,F
JOO,Jung Minjoo,10/11/1990,,South Korea,0,0,Seoul,F
Miyeon,Jo Miyeon,1/31/1997,(G)I-DLE,South Korea,0,0,,F
Minnie,Nicha Yontararak,10/23/1997,(G)I-DLE,Thailand,0,0,,F
Soyeon,Jeon Soyeon,8/26/1998,(G)I-DLE,South Korea,157,42,,F
Soojin,Seo Soojin,3/9/1998,,South Korea,0,0,,F
Yuqi,Song Yuqi,9/23/1999,(G)I-DLE,China,162,48,Beijing,F
Shuhua,Yeh Shuhua,1/6/2000,(G)I-DLE,Taiwan,161,45,,F
NC.A,Im Soeun,10/7/1996,UNI.T,South Korea,0,0,Osan,F
Suji,Lee Suji,3/20/1998,UNI.T,South Korea,0,0,Busan,F
Yoonjo,Shin Yoonjo,12/14/1992,UNI.T,South Korea,0,0,Seoul,F
May,Jeong Chaeyoung,7/27/2001,,South Korea,0,0,,F
Terry,Han Dasom,2/2/1998,,South Korea,0,0,,F
Seunghwan,Lee Seunghwan,12/10/1994,Romeo,South Korea,0,0,,M
Yunsung,Hwang Yunsung,3/19/1996,Romeo,South Korea,0,0,,M
Milo,Kim Minhak,8/20/1996,Romeo,South Korea,0,0,,M
Minsung,Kim Minhwi,12/24/1996,Romeo,South Korea,0,0,,M
Kyle,Ma Jaekyung,1/15/1997,Romeo,South Korea,0,0,,M
Hyunkyung,Kim Hyunjong,9/5/1998,Romeo,South Korea,0,0,,M
Kangmin,Noh Kangmin,9/5/1999,Romeo,South Korea,0,0,,M
Minji,Kim Minji,1/16/2001,Busters,South Korea,0,0,,F
Minjung,Cha Minjung,7/15/2004,,South Korea,0,0,,F
Jisoo,Jung Jisoo,11/22/2003,Busters,South Korea,0,0,,F
Chaeyeon,Kim Chaeyeon,12/4/2004,tripleS,South Korea,0,0,,F
Hyungseo,Myeong Hyeongseo,6/25/2001,CLASS:y,South Korea,160,44,,F
Eunjin,Moon Eunjin,11/5/1998,Highteen,South Korea,0,0,,F
Hyejoo,Park Hyunjoo,1/12/1999,Highteen,South Korea,0,0,,F
Hyebin,Im Hyebin,11/10/1999,Highteen,South Korea,0,0,,F
Sea,Kim Sujeong,12/5/1999,Highteen,South Korea,0,0,,F
Yonghoon,Jin Yonghoon,8/17/1994,Onewe,South Korea,0,0,,M
Harin,Ju Harin,3/29/1998,Onewe,South Korea,0,0,,M
Kanghyun,Kang Hyungu,11/24/1998,Onewe,South Korea,0,0,,M
Dongmyeong,Son Dongmyeong,1/20/2000,Onewe,South Korea,0,0,,M
Cya,Lee Giwook,1/24/2000,Onewe,South Korea,0,0,,M
Ravn,Kim Yoongjo,9/2/1995,Oneus,South Korea,0,0,,M
Seoho,Lee Seoho,6/7/1996,Oneus,South Korea,0,0,,M
Leedo,Kim Geonhak,7/26/1997,Oneus,South Korea,0,0,,M
Keonhee,Lee Keonhee,6/27/1998,Oneus,South Korea,0,0,,M
Hwanwoong,Yeo Hwanwoong,8/26/1998,Oneus,South Korea,0,0,,M
Xion,Son Dongju,1/10/2000,Oneus,South Korea,0,0,,M
Hyunwook,Ji Hyunwook,7/1/1998,D-CRUNCH,South Korea,0,0,,M
Hyunho,Lee Hyunho,11/4/1998,D-CRUNCH,South Korea,0,0,,M
O.V,Kim Sanchan,1/3/1999,D-CRUNCH,South Korea,0,0,,M
Hyunoh,Park Hyunoh,2/12/1999,D-CRUNCH,South Korea,0,0,,M
Hyunwoo,Baek Hyunwoo,3/19/1999,D-CRUNCH,South Korea,0,0,,M
Minhyuk,Kim Minhyuk,11/6/1999,D-CRUNCH,South Korea,0,0,,M
Chanyoung,Kim Chanyoung,11/20/2000,D-CRUNCH,South Korea,0,0,,M
Jeongseung,Park Jeongseung,5/20/2002,D-CRUNCH,South Korea,0,0,,M
Dylan,Park Yeonjae,7/26/2002,D-CRUNCH,South Korea,0,0,,M
Miya,Miyauchi Haruka,5/26/1993,GWSN,Japan,0,0,,F
Seokyoung,Kim Seokyung,4/16/1999,GWSN,South Korea,0,0,,F
Seoryoung,Lee Seoryung,1/26/2000,GWSN,South Korea,0,0,,F
Anne,Lee Seoyoung,10/17/2000,GWSN,South Korea,0,0,,F
Minju,Kang Minjoo,3/11/2001,GWSN,South Korea,0,0,,F
Soso,Wang Chingyi,3/14/2001,GWSN,Taiwan,0,0,,F
Lena,Kang Rena,4/17/2002,GWSN,South Korea,0,0,,F
Saebom,Kim Saerok,1/30/1997,NATURE,South Korea,0,0,,F
Aurora,Yang Lan,1/14/1997,NATURE,China,0,0,,F
Lu,Im Hayoung,12/3/1997,NATURE,South Korea,0,0,,F
Chaebin,Choi Yoobin,7/28/1999,NATURE,South Korea,0,0,,F
Gaga,Li Jia Jia,9/1/1999,,China,0,0,,F
Haru,Abe Haruno,2/21/2000,NATURE,Japan,0,0,,F
Uchae,Yu Hyejun,5/7/2002,NATURE,South Korea,0,0,,F
Sunshine,Kim Minjung,6/20/2002,NATURE,South Korea,0,0,,F
Jisun,Hwang Jisun,10/17/1989,S#aFLA,South Korea,165,46,,F
Suhyeon,Kim Seunghyun,4/19/1988,S#aFLA,South Korea,0,0,,F
Seulgi,Jeong Seulgi,5/12/1990,S#aFLA,South Korea,0,0,,F
Yujin,Jeong Yujin,10/23/1989,S#aFLA,South Korea,0,0,,F
Eunbi,Kwon Eunbi,9/27/1995,IZ*ONE,South Korea,0,0,Seoul,F
Sakura,Miyawaki Sakura,3/19/1998,LE SSERAFIM,Japan,0,0,Kagoshima,F
Hyewon,Kang Hyewon,7/5/1999,IZ*ONE,South Korea,0,0,Yangsan,F
Yena,Choi Yena,9/29/1999,IZ*ONE,South Korea,0,0,Seoul,F
Chaeyeon,Lee Chaeyeon,1/11/2000,IZ*ONE,South Korea,0,0,Yongin,F
Chaewon,Kim Chaewon,8/1/2000,LE SSERAFIM,South Korea,0,0,Seoul,F
Minjoo,Kim Minjoo,2/5/2001,IZ*ONE,South Korea,0,0,Seoul,F
Nako,Yabuki Nako,6/18/2001,IZ*ONE,Japan,0,0,Tokyo,F
Hitomi,Honda Hitomi,10/6/2001,IZ*ONE,Japan,0,0,Toghichi,F
Yuri,Jo Yuri,10/22/2001,IZ*ONE,South Korea,0,0,Busan,F
Yujin,Ahn Yujin,9/1/2003,IVE,South Korea,0,0,Cheongju,F
Wonyoung,Jang Wonyoung,8/31/2004,IVE,South Korea,0,0,Seoul,F
Dongheon,Lee Dongheon,8/4/1995,Verivery,South Korea,0,0,,M
Hoyoung,Bae Hoyoung,8/10/1998,Verivery,South Korea,0,0,,M
Minchan,Hong Minchan,9/16/1998,Verivery,South Korea,0,0,,M
Gyehyeon,Jo Gyehyeon,5/14/1999,Verivery,South Korea,0,0,,M
Yeonho,Ju Yeonho,5/31/2000,Verivery,South Korea,0,0,,M
Yongseung,Kim Yongseung,6/17/2000,Verivery,South Korea,0,0,,M
Kangmin,Yoo Kangmin,1/25/2003,Verivery,South Korea,0,0,,M
Haeyoon,Park Haeyoon,1/10/1996,Cherry Bullet,South Korea,157,43,,F
Yuju,Choi Yuju,3/5/1997,Cherry Bullet,South Korea,0,0,,F
Ella,Kim Kyungjoo,3/26/1998,Pixy,South Korea,0,0,,F
Bora,Kim Bora,3/3/1999,Cherry Bullet,South Korea,0,0,,F
Jiwon,Heo Jiwon,9/4/2000,Cherry Bullet,South Korea,0,0,,F
Kokoro,Kato Kokoro,11/1/2000,,Japan,0,0,,F
Remi,Katsuno Rise,4/26/2001,Cherry Bullet,Japan,0,0,,F
Chaerin,Park Chaerin,3/13/2002,Cherry Bullet,South Korea,0,0,,F
May,Hirokawa Mao,11/16/2004,Cherry Bullet,Japan,0,0,,F
Lin Lin,Huang Ziting,7/5/2003,,Taiwan,0,0,,F
U-Know Yunho,Jung Yunho,2/6/1986,TVXQ,South Korea,0,0,Gwangju,M
Max Changmin,Shim Changmin,2/18/1988,TVXQ,South Korea,0,0,Seoul,M
Jaejoong,Kim Jaejoong,1/26/1986,JYJ,South Korea,0,0,Gongju,M
Yoochun,Park Yoochun,7/4/1986,JYJ,South Korea,0,0,Seoul,M
Xia Junsu,Kim Junsu,12/15/1986,JYJ,South Korea,0,0,,M
Euijin,Lee Euijin,2/15/1990,Bigflo,South Korea,0,0,Seoul,M
Sungmin,Oh Sungmin,12/31/1990,Bigflo,South Korea,0,0,,M
Lex,Jeon Hyungmin,1/12/1993,Bigflo,South Korea,0,0,,M
St. Van,Lee Geumhyuk,12/22/1991,VAV,South Korea,182,70,,M
Baron,Choi Chunghyeop,4/19/1992,VAV,South Korea,180,60,,M
Ace,Jang Wooyoung,8/28/1992,VAV,South Korea,177,63,,M
Ayno,Noh Yoonho,5/1/1996,VAV,South Korea,183,61,,M
Jacob,Zhang Peng,9/7/1996,VAV,China,184,63,,M
Lou,Kim Hosung,12/21/1996,VAV,South Korea,187,69,,M
Ziu,Park Heejun,6/16/1997,VAV,South Korea,185,70,,M
Hongjoong,Kim Hongjoong,11/7/1998,ATEEZ,South Korea,171,0,,M
Seonghwa,Park Seonghwa,4/3/1998,ATEEZ,South Korea,178,0,Jinju,M
Yunho,Jeong Yunho,3/23/1999,ATEEZ,South Korea,184,0,Gwangju,M
Yeosang,Kang Yeosang,6/15/1999,ATEEZ,South Korea,173,0,Incheon,M
San,Choi San,7/10/1999,ATEEZ,South Korea,173,0,,M
Mingi,Son Mingi,8/9/1999,ATEEZ,South Korea,183,0,,M
Wooyoung,Jung Wooyoung,11/26/1999,ATEEZ,South Korea,172,0,,M
Jongho,Choi Jongho,10/12/2000,ATEEZ,South Korea,176,0,,M
Narachan,Jung Hyunwoo,9/23/1996,MONT,South Korea,178,58,,M
Bitsaeon,Kim Sangyeon,6/4/1995,MONT,South Korea,181,60,,M
Roda,Shin Joongmin,9/19/1998,MONT,South Korea,179,60,,M
Yerim,Jeong Yerim,3/10/1997,Purplebeck,South Korea,165,44,,F
Yeowool,Ha Yeowool,4/11/1998,Purplebeck,South Korea,163,46,,F
Layeon,Lee Jimin,8/13/1998,Purplebeck,South Korea,170,51,,F
Mini,,6/12/2000,Purplebeck,South Korea,168,47,,F
Seyeon,Park Seyeon,5/6/2001,Purplebeck,South Korea,167,46,,F
Yeji,Hwang Yeji,5/26/2000,ITZY,South Korea,0,0,Seoul,F
Lia,Choi Jisu,7/21/2000,ITZY,South Korea,0,0,Incheon,F
Ryujin,Shin Ryujin,4/17/2001,ITZY,South Korea,0,0,Seoul,F
Chaeryeong,Lee Chaeryeong,6/5/2001,ITZY,South Korea,0,0,Yongin,F
Yuna,Shin Yuna,12/9/2003,ITZY,South Korea,0,0,Suwon,F
Soobin,Choi Soobin,12/5/2000,TXT,South Korea,184,65,,M
Yeonjun,Choi Yeonjun,9/13/1999,TXT,South Korea,183,63,,M
Beomgyu,Choi Beomgyu,3/13/2001,TXT,South Korea,0,0,,M
Taehyun,Kang Taehyun,2/5/2002,TXT,South Korea,0,0,,M
Hueningkai,Kai Kamal Huening,8/14/2002,TXT,USA,0,0,,M
Yongha,Yoo Yongha,1/11/1999,WEi,South Korea,177,64,,M
Louis,Kim Taewoo,4/23/1999,BLANK2Y,South Korea,172,62,,M
Seunghwan,Lee Seunghwan,5/20/2000,1the9,South Korea,178,64,,M
Yechan,Shin Yechan,5/14/2001,OMEGA X,South Korea,183,64,Seoul,M
Junseo,Kim Junseo,11/20/2001,WEi,South Korea,177,64,Ulsan,M
DY,Jeon Doyum,2/21/2002,JUST B,South Korea,175,55,Daejeon,M
Jinsung,Jung Jinsung,3/30/2002,1the9,South Korea,176,58,Seoul,M
Taekhyeon,Jung Taekhyeon,7/28/2003,1the9,South Korea,178,66,Gunpo,M
Won,Park Sungwon,12/18/2003,Ciipher,South Korea,177,58,Seoul,M
Youi,Kim Jihyeo,4/24/2000,Dreamnote,South Korea,163,45,,F
Boni,Choi Euijeong,10/30/1999,Dreamnote,South Korea,160,45,,F
Lara,Moon Shinae,8/9/2000,Dreamnote,South Korea,161,44,,F
Miso,Jeon Jimin,10/25/2000,Dreamnote,South Korea,160,43,,F
Sumin,Park Sumin,9/9/2001,Dreamnote,South Korea,166,46,,F
Eunjo,Park Eunjo,3/7/2002,Dreamnote,South Korea,164,46,,F
Habin,Yoo Habin,3/10/2002,,South Korea,165,48,,F
Hanbyeol,Ahn Hanbyeol,10/13/2003,,South Korea,166,44,,F
Gaeul,Park Gaeul,5/8/1999,Favorite,South Korea,164,48,Seoul,F
Saebom,Kim Seyoung,1/13/1995,Favorite,South Korea,0,0,Gwacheon,F
Seoyeon,Kim Minju,11/26/1995,Favorite,South Korea,0,0,Gwacheon,F
Sugyeong,Jo Sugyeong,1/12/2000,Favorite,South Korea,0,0,Haenam,F
Jeonghee,Go Jeonghee,3/11/2000,Favorite,South Korea,0,0,Incheon,F
Ahra,Go Ahra,2/21/2001,Favorite,South Korea,0,0,Yeosu,F
Dohee,Yoon Dohee,9/24/1999,,South Korea,0,0,,F
E:U,Park Jiwon,5/19/1998,Everglow,South Korea,0,0,,F
Sihyeon,Kim Sihyeon,8/5/1999,Everglow,South Korea,168,51,,F
Mia,Han Eunji,1/13/2000,Everglow,South Korea,0,0,,F
Onda,Jo Selim,5/18/2000,Everglow,South Korea,0,0,,F
Aisha,Heo Yoorim,7/21/2000,Everglow,South Korea,0,0,,F
Yiren,Wang Yiren,12/29/2000,Everglow,China,0,0,,F
Rubin,Lee Haejoon,8/16/1995,1TEAM,South Korea,0,0,,M
BC,Jin Sungho,7/18/1994,1TEAM,South Korea,0,0,,M
XEN,Lee Jinwoo,2/20/1998,OMEGA X,South Korea,0,0,,M
Jehyun,Moon Jehyun,4/20/1999,OMEGA X,South Korea,0,0,,M
Junghoon,Lee Junghoon,7/4/2000,1TEAM,South Korea,0,0,,M
Seungwoo,Han Seungwoo,12/24/1994,VICTON,South Korea,0,0,,M
Seungsik,Kang Seungsik,4/16/1995,VICTON,South Korea,0,0,,M
Heo Chan,Heo Chan,12/14/1995,,South Korea,0,0,,M
Sejun,Lim Sejun,5/4/1996,VICTON,South Korea,0,0,,M
Hanse,Do Hanse,9/25/1997,VICTON,South Korea,0,0,,M
Byungchan,Choi Byungchan,11/12/1997,VICTON,South Korea,0,0,,M
Subin,Jung Subin,4/5/1999,VICTON,South Korea,0,0,,M
E.sol,Jeon Jaehyuk,9/17/1992,14U,South Korea,0,0,,M
Luha,Lee Gyeonghun,2/15/1993,14U,South Korea,0,0,,M
Gohyeon,Go Hyeon,10/1/1994,14U,South Korea,0,0,,M
B.S,Lee Youngsoo,4/14/1995,14U,South Korea,0,0,,M
Loudi,Won Jihoon,4/13/1996,14U,Indonesia,0,0,,M
Eunjae,Kwak Eunjae,5/2/1996,14U,South Korea,0,0,,M
Woojoo,Kim Sangyoon,9/18/1996,14U,South Korea,0,0,,M
Dohyuk,Kim Dohyuk,1/16/1998,14U,South Korea,0,0,,M
Hyunwoong,Kim Hyunwoong,2/8/1998,14U,South Korea,0,0,,M
Sejin,Lee Sejin,7/22/1999,14U,South Korea,0,0,,M
Youngwoong,Cho Youngwoon,5/1/1999,14U,South Korea,0,0,,M
Rio,Son Gwanghyuk,7/16/1999,14U,South Korea,0,0,,M
Gyeongtae,Kwon Gyeongtae,7/23/2000,14U,South Korea,0,0,,M
Gun,Kwak Gun,9/29/2001,14U,South Korea,0,0,,M
Seungjun,Ji Seungjun,9/15/1998,Astin,South Korea,0,0,,M
Jingyu,Lee Jingyu,4/22/1998,Astin,South Korea,0,0,,M
Hongil,Yoon Hongil,1/11/1999,Astin,South Korea,0,0,,M
Junghun,Jang Junghun,2/27/1999,Astin,South Korea,0,0,,M
Yeram,Yang Yeram,3/31/2000,Astin,South Korea,0,0,,M
Mir,Lee Yoonsang,3/6/2000,Astin,South Korea,0,0,,M
Hyeongseok,Chu Hyeongseok,9/13/2000,Astin,South Korea,0,0,,M
Hyunsuk,Choi Hyunsuk,4/21/1999,Treasure,South Korea,0,0,Daegu,M
Jihoon,Park Jihoon,3/14/2000,Treasure,South Korea,0,0,Busan,M
Yoshi,Kanemoto Yoshinori,5/15/2000,Treasure,Japan,179,59,Kobe,M
Junkyu,Kim Junkyu,9/9/2000,Treasure,South Korea,0,0,,M
Yoonbin,Ha Yoonbin,12/11/2000,,South Korea,0,0,,M
Mashiho,Takata Mashiho,3/25/2001,Treasure,Japan,0,0,,M
Jaehyuk,Yoon Jaehyuk,7/23/2001,Treasure,South Korea,0,0,,M
Asahi,Hanada Asahi,8/20/2001,Treasure,Japan,0,0,,M
Yedam,Bang Yedam,5/7/2002,Treasure,South Korea,0,0,,M
Doyoung,Kim Doyoung,12/4/2003,Treasure,South Korea,0,0,,M
Haruto,Watanabe Haruto,4/5/2004,Treasure,Japan,0,0,,M
Jeongwoo,Park Jeongwoo,9/28/2004,Treasure,South Korea,0,0,,M
Hyunjun,Lee Hyunjun,12/21/1999,IZ,South Korea,0,0,,M
Jihoo,Lim Soojung,8/5/1998,IZ,South Korea,0,0,,M
Woosu,Kim Minseok,11/23/1999,IZ,South Korea,0,0,,M
Junyoung,Lee Junyoung,9/23/2000,IZ,South Korea,0,0,,M
Minjae,Jo Minjae,8/8/1994,Spectrum,South Korea,0,0,,M
Dongkyu,Moon Dongkyu,11/16/1992,Spectrum,South Korea,0,0,,M
Jaehan,Kim Jaehan,7/1/1995,OMEGA X,South Korea,0,0,,M
Hwarang,Park Jonghan,12/5/1995,Spectrum,South Korea,0,0,,M
Villain,Lee Seunghyun,7/17/1998,Spectrum,South Korea,0,0,,M
Eunjun,Choi Eunjun,8/6/1999,Spectrum,South Korea,0,0,,M
Hyunji,Kim Hyunji,6/30/1992,Hashtag,South Korea,165,0,,F
Sua,Yang Sua,3/24/1995,Hashtag,South Korea,169,0,Gwangju,F
Dajeong,Kim Dajeong,8/8/1995,Hashtag,South Korea,170,0,Gwangju,F
Seungmin,Lee Seungmin,2/3/1996,Hashtag,South Korea,162,0,,F
Subin,Oh Subin,9/30/1998,Hashtag,South Korea,172,0,,F
Sojin,Hong Sojin,9/24/1999,Hashtag,South Korea,163,0,,F
Aeji,Kwon Aeji,10/25/1999,Hashtag,South Korea,163,0,Daegu,F
Yiyeon,Jung Dasol,5/28/1995,BVNDIT,South Korea,0,0,,F
Songhee,Yoon Songhee,11/8/1998,BVNDIT,South Korea,0,0,,F
Jungwoo,Uhm Jungwoo,4/2/1999,BVNDIT,South Korea,0,0,,F
Simyeong,Lee Simyeong,5/27/1999,BVNDIT,South Korea,0,0,,F
Seungeun,Shim Seungeun,12/27/2000,BVNDIT,South Korea,0,0,,F
Laon,Shin Kyuhyun,12/19/1995,ENOi,South Korea,177,60,,M
Dojin,Jeon Yongtae,3/7/1997,ENOi,South Korea,181,61,,M
Hamin,Jo Hamin,10/24/1997,ENOi,South Korea,183,65,,M
Donghyuk,Park Donghyuk,12/18/1999,BLANK2Y,South Korea,178,61,,M
Kevin,Park Jinwoo,1/12/2000,OMEGA X,South Korea,167,51,,M
Junghoon,Han Jeonghoon,2/14/2000,OMEGA X,South Korea,177,61,,M
Hyuk,Yang Hyuk,3/15/2000,OMEGA X,South Korea,183,67,,M
Ji Hansol,Ji Hansol,11/21/1994,Newkidd,South Korea,182,63,Busan,M
Choi Jiann,Choi Jaewoo,9/30/1997,Newkidd,South Korea,175,0,,M
Jinkwon,Kim Jinkwon,1/31/2001,Newkidd,South Korea,0,0,,M
Yunmin,Yun Min,2/26/2001,Newkidd,South Korea,0,0,,M
Hwi,Jo Mingyu,9/26/2002,Newkidd,South Korea,0,0,,M
Woochul,Shin Woochul,10/2/2002,Newkidd,South Korea,0,0,,M
Seungchan,Kang Seungchan,1/1/2003,Newkidd,South Korea,0,0,,M
Cheongeum,Jang Cheongeum,6/19/1996,Ho1iday,South Korea,0,0,,F
Saebyeok,Shim Jaeyoung,11/9/1996,Ho1iday,South Korea,0,0,,F
Heejoo,Jeon Heejoo,11/30/1996,Ho1iday,South Korea,0,0,,F
Haru,Lee Yoojeong,2/26/1997,Ho1iday,South Korea,164,0,,F
Dany,Jeon Eunji,1/20/1998,Ho1iday,South Korea,0,0,,F
BX,Lee Byounggon,3/5/1998,CIX,South Korea,180,61,Incheon,M
Seunghun,Kim Seunghun,2/26/1999,CIX,South Korea,181,69,,M
Yonghee,Kim Yonghee,2/17/2000,CIX,South Korea,177,59,,M
Hyunsuk,Yoon Hyunsuk,9/8/2001,CIX,South Korea,188,0,,M
Jeon Woong,Jeon Woong,10/15/1997,AB6IX,South Korea,173,0,,M
Seoham,Park Seoham,10/28/1993,KNK,South Korea,190,70,,M
Dongwon,Lee Dongwon,1/1/1994,KNK,South Korea,184,0,,M
Inseong,Jeong Inseong,7/1/1994,KNK,South Korea,183,71,,M
Jihun,Kim Jihun,2/20/1995,KNK,South Korea,186,73,,M
Heejun,Oh Heejun,5/8/1996,KNK,South Korea,180,61,,M
Jiahn,Yoo Jiahn,4/1/1992,IN2IT,South Korea,176,57,,M
Yeontae,Jeong Yeontae,7/6/1992,IN2IT,South Korea,178,58,,M
Inho,Hwang Inho,6/21/1993,IN2IT,South Korea,177,58,,M
Hyunuk,Han Hyunuk,9/26/1994,IN2IT,South Korea,179,63,,M
Isaac,Voo Isaak,12/12/1994,IN2IT,Malaysia,176,56,,M
Inpyo,Lee Inpyo,8/14/1995,IN2IT,South Korea,182,66,,M
Sunghyun,Kim Sunghyun,3/16/1996,IN2IT,South Korea,186,71,,M
Moonvok,Jang Moonvok,4/11/1995,Limitless,South Korea,168,48,,M
Hwichan,Lee Heechan,4/18/1996,Limitless,South Korea,0,0,,M
A.M,Seong Hyunwoo,12/31/1996,Limitless,South Korea,181,62,,M
Heeseok,Yun Heeseok,6/10/1997,Limitless,South Korea,180,61,,M
Yoonji,,7/21/1998,Lusty,South Korea,163,45,,F
Harin,,11/21/1995,Lusty,South Korea,160,43,Seoul,F
Jinhui,,11/21/1996,Lusty,South Korea,160,42,Seongnam,F
Isol,,5/1/1997,Lusty,South Korea,166,48,Seoul,F
Yeryung,,6/22/2002,Lusty,South Korea,169,49,Busan,F
Eson,Kim Jungmin,12/28/1996,We In The Zone,South Korea,177,63,Honolulu,M
Jooan,Im Jimyoung,10/4/1996,We In The Zone,South Korea,173,58,Dongtan,M
Kyeongheon,Yoon Kyeongheon,1/6/1998,We In The Zone,South Korea,175,60,Suncheon,M
Min,Lee Mincheon,10/16/1997,We In The Zone,South Korea,171,50,Seoul,M
Shihyun,Kim Shihyun,5/6/1998,We In The Zone,South Korea,0,0,Changwon,M
Yixuan,Zhou Yixuan,12/11/1990,UNIQ,China,183,65,,M
Sungjoo,Kim Sungjoo,2/16/1994,UNIQ,South Korea,180,65,,M
Wenhan,Li Wenhan,7/22/1994,UNIQ,China,180,64,,M
Seungyoon,Cho Seungyoon,8/5/1996,UNIQ,South Korea,183,68,,M
Yibo,Wang Yibo,8/5/1997,UNIQ,China,182,65,,M
Yohan,Kim Yohan,9/22/1999,WEi,South Korea,181,66,,M
Junho,Cha Junho,7/9/2002,DRIPPIN,South Korea,178,63,,M
Dongpyo,Son Dongpyo,9/9/2002,Mirae,South Korea,166,48,,M
Minhee,Kang Minhee,9/17/2002,CRAVITY,South Korea,185,58,,M
Eunsang,Lee Eunsang,10/26/2002,YOUNITE,South Korea,180,58,,M
Hyeongjun,Song Hyeongjun,11/30/2002,CRAVITY,South Korea,174,55,,M
Dohyon,Nam Dohyon,11/10/2004,BAE173,South Korea,180,62,,M
Juri,Takahashi Juri,10/3/1997,Rocket Punch,Japan,160,44,,F
Yeonhee,Kim Yeonhee,12/6/2000,Rocket Punch,South Korea,161,0,,F
Suyun,Kim Suyun,3/17/2001,Rocket Punch,South Korea,169,52,,F
Yunkyung,Seo Yunkyung,11/1/2001,Rocket Punch,South Korea,161,0,,F
Sohee,Kim Sohee,8/14/2003,Rocket Punch,South Korea,161,46,,F
Dahyun,Jeong Dahyun,4/29/2005,Rocket Punch,South Korea,160,0,,F
Yeseo,Kang Yeseo,8/22/2005,Kep1er,South Korea,157,0,,F
Wondae,Seol Wondae,4/28/1998,Dongkiz,South Korea,180,63,,M
Kyungyoon,Lee Kyungyoon,2/21/2000,Dongkiz,South Korea,177,58,,M
Munik,Jang Moonik,3/20/2001,Dongkiz,South Korea,173,50,,M
Jaechan,Park Jaechan,12/6/2001,Dongkiz,South Korea,177,58,,M
Jonghyeong,Kim Jonghyeong,4/13/2002,Dongkiz,South Korea,178,65,,M
Yonggeun,Jo Yonggeun,1/23/1995,D1CE,South Korea,174,54,,M
Hyunsoo,Kim Hyunsoo,4/12/1995,D1CE,South Korea,176,60,,M
Yoojun,Jun Yoojun,7/26/1995,D1CE,South Korea,0,0,,M
Woodam,Park Woodam,8/2/1995,D1CE,South Korea,173,0,,M
Jinyoung,Woo Jinyoung,5/31/1997,D1CE,South Korea,170,51,,M
Taedong,Kim Taedong,11/7/1997,OMEGA X,South Korea,177,61,,M
Yehyeon,Kim Yehyeon,9/12/1999,GIDONGDAE,South Korea,176,63,,M
Wonjin,Won Jin,1/1/2003,GIDONGDAE,South Korea,0,0,,M
Youngho,Noh Youngho,3/24/1993,SIGNAL,South Korea,0,0,,M
Gihwan,Kim Gihwan,11/24/1993,SIGNAL,South Korea,0,0,,M
Kyuhwan,Lee Kyuhwan,9/18/1994,SIGNAL,South Korea,0,0,,M
Bokeun,Kim Bokeun,10/12/1994,SIGNAL,South Korea,0,0,,M
Aini,Kim Heejung,7/13/1991,,South Korea,163,44,,F
Seea,Kang Eunyoung,8/21/1994,Pink Fantasy,South Korea,160,43,,F
Yechan,Kim Yechan,11/26/1995,Pink Fantasy,South Korea,159,45,,F
Daewang Nim,Daewang Nim,4/8/1996,Pink Fantasy,South Korea,162,49,,F
Sanga,Lee Sanga,8/5/1999,,South Korea,165,0,,F
Yubin,Cho Yubin,10/9/1999,,South Korea,156,40,,F
Harin,Park Guenhye,5/26/2000,Pink Fantasy,South Korea,164,48,,F
Arang,Park Yerim,1/22/2001,Pink Fantasy,South Korea,167,49,,F
Heesun,Park Heesun,1/25/2005,Pink Fantasy,South Korea,162,45,,F
Lina,Oh Sejin,7/27/1997,ANS,South Korea,0,0,,F
Royeon,Jeon Hyunjoo,2/20/1998,ANS,South Korea,0,0,,F
Dalyn,Lee Sohyun,8/27/1999,ANS,South Korea,0,0,,F
Raon,Lee Seoyoung,1/21/2000,ANS,South Korea,0,0,,F
Bian,Yu Jiwon,2/13/2001,MAJORS,South Korea,0,0,,F
Dami,Hong Dayoung,6/7/2001,ANS,South Korea,0,0,,F
Doi,Kim Doi,4/12/1994,FANATICS,South Korea,170,0,,F
Sika,Ren Shika,8/22/1995,,China,165,0,,F
Chaelin,Lee Chaelin,10/20/1999,FANATICS,South Korea,162,47,,F
Chiayi,Li Chiayi,1/22/2000,FANATICS,Taiwan,164,0,,F
Yoonhye,Jung Yoonhye,10/4/2001,FANATICS,South Korea,173,0,,F
Doah,Kim Doah,12/4/2003,FANATICS,South Korea,163,42,,F
Loha,Kang Yejin,12/27/2001,Nature,South Korea,171,0,,F
Yunji,Kim Yunji,8/26/1996,ARIAZ,South Korea,0,0,,F
Dawon,Lee Dawon,12/2/1996,ARIAZ,South Korea,0,0,,F
Sihyeon,Kang Sihyeon,7/15/1998,ARIAZ,South Korea,0,0,,F
Yeori,Choi Yeori,9/8/1999,ARIAZ,South Korea,0,0,,F
Hyogyeong,Jang Hyogyeong,11/15/1999,ARIAZ,South Korea,0,0,,F
Jueun,Jo Jueun,1/27/2001,ARIAZ,South Korea,0,0,,F
Yurim,Park Yurim,4/13/1998,3YE,South Korea,164,0,,F
Yuji,Son Yuji,11/25/1998,3YE,South Korea,160,45,,F
Haeun,Yoon Haeun,3/12/1999,3YE,South Korea,163,0,,F
Kain,Bang Junho,3/25/1997,ARGON,South Korea,178,0,,M
Haneul,Lee Haneul,6/3/1996,ARGON,South Korea,175,0,,M
Roel,Kim Sunho,2/13/1997,ARGON,South Korea,0,0,,M
Yeoun,Lee Kyeongbin,9/3/1997,ARGON,South Korea,0,0,,M
Gon,Kim Seongjung,11/13/1998,ARGON,South Korea,0,0,,M
Jaeun,Ha Jaeun,9/28/1999,ARGON,South Korea,0,0,,M
J,Lee Yeji,2/12/1998,ANS,South Korea,0,0,,F
Haena,Jeon Eunbi,2/19/2002,ANS,South Korea,0,0,,F
Kiara,Baek Jinjoo,8/20/1998,,South Korea,0,0,,F
Semi,Gu Semi,4/10/2002,Cignature,South Korea,166,46,,F
Seline,Jung Yeonjeong,6/20/2000,Cignature,South Korea,0,0,,F
Bada,Kim Bada,5/28/2002,Hinapia,South Korea,162,49,,F
Kookheon,Kim Kookheon,4/15/1997,B.O.Y,South Korea,0,0,,M
Yuvin,Song Yuvin,4/28/1998,B.O.Y,South Korea,0,0,,M
Kim Yoon,Kim Seongsu,2/17/1994,DUSTIN,South Korea,183,65,,M
Siu,Hwang Inseok,5/19/1995,DUSTIN,South Korea,0,0,,M
Daon,Ahn Seonil,12/10/2000,DUSTIN,South Korea,0,0,,M
Seunghan,Lee Seunghan,2/22/1996,DUSTIN,South Korea,0,0,,M
Hwani,Jo Sihyeon,11/16/1994,DUSTIN,South Korea,0,0,,M
JJ,Jun Jihyeok,12/11/1998,DUSTIN,South Korea,0,0,,M
BEL,Choi Sunghoon,5/21/2000,DUSTIN,South Korea,0,0,,M
AleXa,Kim Seri,12/6/1996,,USA,0,0,,F
Love,Park Jisung,1/17/1994,,South Korea,0,0,,M
KB,Shin Kyubin,4/23/1994,OnlyOneOf,South Korea,0,0,,M
Junji,Kim Junhyung,4/6/1998,OnlyOneOf,South Korea,0,0,,M
Yoojung,Lee Taeyeop,5/19/1997,OnlyOneOf,South Korea,0,0,,M
Rie,Lee Seungho,11/6/1996,OnlyOneOf,South Korea,0,0,,M
Mill,Lee Yongsoo,3/30/1999,OnlyOneOf,South Korea,0,0,,M
Nine,Jung Wookjin,12/13/1999,OnlyOneOf,South Korea,0,0,,M
Della,Park Sehyun,9/3/1995,Rockit Girl,South Korea,0,0,,F
Han Leeseul,Han Jiyoon,2/12/2000,Rockit Girl,South Korea,0,0,,F
Castle J,Son Sangjoon,5/31/1999,MCND,South Korea,0,0,,M
Bic,Nam Seungmin,4/25/2001,MCND,South Korea,0,0,,M
Minjae,Song Minjae,8/23/2003,MCND,South Korea,0,0,,M
Huijun,Noh Huijun,10/7/2003,MCND,South Korea,0,0,,M
Win,Bang Junhyuk,12/19/2004,MCND,South Korea,0,0,,M
Changgyu,Song Changgyu,7/6/1993,UNVS,South Korea,0,0,,M
YY,Kim Moonyong,8/30/1991,UNVS,South Korea,0,0,,M
Jen,Kim Yehyeon,3/27/1997,UNVS,South Korea,0,0,,M
Jun H.,Im Joonhyun,8/28/1991,UNVS,South Korea,0,0,,M
Eunho,Shin Donggeun,9/10/1992,UNVS,South Korea,0,0,,M
Jinwoo,Lee Jinwoo,9/13/2004,Ghost9,South Korea,176,57,,M
Taesung,Lee Taesung,12/19/2003,,South Korea,184,64,,M
Woojin,Lee Woojin,4/7/2003,Ghost9,South Korea,178,65,,M
Serim,Park Serim,3/3/1999,CRAVITY,South Korea,0,0,,M
Allen,Allen Ma,4/26/1999,CRAVITY,USA,0,0,,M
Jungmo,Koo Jungmo,2/5/2000,CRAVITY,South Korea,181,58,,M
Woobin,Seo Woobin,10/16/2000,CRAVITY,South Korea,0,0,,M
Wonjin,Ham Wonjin,3/22/2001,CRAVITY,South Korea,174,57,,M
BIBI,Kim Hyungseo,9/27/1998,,South Korea,0,0,,F
Taeyoung,Kim Taeyoung,1/27/2003,CRAVITY,South Korea,0,0,,M
Seongmin,Ahn Seongmin,8/1/2003,CRAVITY,South Korea,0,0,,M
Chihoon,Choi Chihoon,4/27/1999,TOO,South Korea,0,0,,M
Donggeon,Song Donggeon,7/15/1999,TOO,South Korea,0,0,,M
Chan,Jo Chanhyuk,12/8/1999,TOO,South Korea,0,0,,M
Jisu,Choi Jisu,1/19/2000,TOO,South Korea,0,0,,M
Minsu,Kim Minsu,3/20/2000,TOO,South Korea,0,0,,M
Jaeyun,Lee Jaeyun,8/16/2000,TOO,South Korea,0,0,,M
J.YOU,Kim Jaeyu,11/2/2000,TOO,South Korea,0,0,,M
Kyungho,Jang Kyungho,5/7/2001,TOO,South Korea,0,0,,M
Jerome,Oh Sungmin,8/25/2001,TOO,South Korea,0,0,,M
Woonggi,Cha Woonggi,4/23/2002,TOO,South Korea,0,0,,M
Woo-ah,Kim Chaewon,6/20/1997,CRAXY,South Korea,0,0,,F
Karin,Baek Yerin,4/23/2000,CRAXY,South Korea,0,0,,F
Hyejin,Kang Hyejin,7/13/2000,CRAXY,South Korea,0,0,,F
Swan,Kim Suan,12/28/2000,CRAXY,South Korea,0,0,,F
ChaeY,Song Chaeyeon,1/6/2003,CRAXY,South Korea,0,0,,F
Lina,Oh Hyesoo,5/23/1997,RedSquare,South Korea,0,0,,F
Nana,Kwon Nayeon,3/9/2001,woo!ah!,South Korea,0,0,,F
Wooyeon,Park Jinkyung,2/11/2003,woo!ah!,South Korea,0,0,,F
Sora,Sakata Sora,8/30/2003,woo!ah!,Japan,0,0,,F
Lucy,Kim Daeun,4/9/2004,woo!ah!,South Korea,0,0,,F
Minseo,Kim Minseo,8/12/2004,woo!ah!,South Korea,0,0,,F
Songyee,Park Songyee,9/25/2004,,South Korea,0,0,,F
Lea,Ogawa Mizuki,8/12/1995,SECRET NUMBER,Japan,169,0,Tokyo,F
Dita,Dita Karang,12/25/1996,SECRET NUMBER,Indonesia,0,0,Yogyakarta,F
Jinny,Park Jinhee,1/19/1998,SECRET NUMBER,South Korea,0,0,California,F
Soodam,Lee Soodam,11/9/1999,SECRET NUMBER,South Korea,0,0,,F
Denise,Kim Denise,1/11/2001,SECRET NUMBER,South Korea,0,0,,F
Soojin,Lee Soojin,12/12/2001,Weeekly,South Korea,165,0,,F
Jiyoon,Shin Jiyoon,3/2/2002,,South Korea,0,0,,F
Monday,Kim Jimin,5/10/2002,Weeekly,South Korea,172,0,,F
Soeun,Park Soeun,10/26/2002,Weeekly,South Korea,168,0,,F
Jaehee,Lee Jaehee,3/18/2004,Weeekly,South Korea,166,0,,F
Jihan,Han Jihyo,7/12/2004,Weeekly,South Korea,0,0,,F
Zoa,Cho Hyewon,5/31/2005,Weeekly,South Korea,170,0,,F
Seokhwa,Kang Seokhwa,12/1/2000,WEi,South Korea,172,56,,M
Areum,Kim Daun,1/31/1998,AREAL,South Korea,0,0,,F
Hyebin,Kim Hyebin,3/29/1997,AREAL,South Korea,0,0,,F
Segye,Shin Segye,8/19/1998,AREAL,South Korea,0,0,,F
Dabi,Park Jiwon,1/19/2000,AREAL,South Korea,0,0,,F
Eyedi,Nam Yujin,12/8/1995,,South Korea,0,0,,F
Rano,Byun Yongseop,12/10/1998,E'LAST,South Korea,175,60,,M
Won Hyuk,Won Hyuk,2/22/2002,E'LAST,South Korea,181,63,,M
Wonjun,Lee Wonjun,3/8/2002,E'LAST,South Korea,0,0,,M
Choi In,Choi In,2/11/1996,E'LAST,South Korea,170,50,,M
Seungyeop,Choi Seungyeop,5/8/1997,E'LAST,South Korea,176,60,,M
Baekgyeul,Baek Sunwoo,12/1/1999,E'LAST,South Korea,180,61,,M
Romin,Choi Youngmin,4/24/2001,E'LAST,South Korea,179,58,,M
Yejun,Oh Yejun,8/23/2002,E'LAST,South Korea,178,58,,M
Minho,Lee Minho,9/4/1995,MY.st,South Korea,0,0,,M
Juntae,Kim Juntae,9/4/1995,MY.st,South Korea,0,0,,M
Woncheol,Jung Woncheol,1/12/1996,MY.st,South Korea,0,0,,M
Woojin,Lee Woojin,11/22/1996,MY.st,South Korea,0,0,,M
Keonwoo,Kim Keonwoo,12/17/1996,MY.st,South Korea,0,0,,M
Haneul,Choi Haneul,11/28/2000,Saturday,South Korea,158,43,,F
Juyeon,Lee Juyeon,11/6/2001,Saturday,South Korea,164,44,,F
Yuki,Lim Jiyeon,1/30/2002,Saturday,South Korea,161,44,,F
Ayeon,Son Minji,9/29/2002,Saturday,South Korea,162,47,,F
Minseo,Park Minseo,3/21/2003,Saturday,South Korea,163,45,,F
Jieun,Park Jieun,9/4/1997,Purple Kiss,South Korea,166,49,,F
Goeun,Na Goeun,9/3/1999,Purple Kiss,South Korea,160,44,,F
Dosie,Jang Eunseung,2/11/2000,Purple Kiss,South Korea,0,0,,F
Ireh,Cho Seoyoung,4/30/2002,Purple Kiss,South Korea,0,0,,F
Yuki,Mori Koyuki,11/6/2002,Purple Kiss,Japan,0,0,,F
Chaein,Lee Chaeyoung,12/5/2002,Purple Kiss,South Korea,0,0,,F
Swan,Park Soojin,7/11/2003,Purple Kiss,South Korea,0,0,,F
EunB,Shin Eunbi,9/17/2000,Maka Maka,South Korea,0,0,,F
Heesu,Kim Heesu,3/24/1998,Maka Maka,South Korea,0,0,,F
Daseul,Yang Daseul,9/14/2000,Maka Maka,South Korea,0,0,,F
Chaewon,Lee Chaewon,3/18/2000,Maka Maka,South Korea,0,0,,F
Dia,Kwak Minnyeong,9/3/1999,Maka Maka,South Korea,0,0,,F
Junghwan,So Junghwan,2/18/2005,Treasure,South Korea,0,0,,M
Lee Hyeop,Lee Hyeop,8/13/1999,DRIPPIN,South Korea,177,57,,M
Yunseong,Hwang Yunseong,10/30/2000,DRIPPIN,South Korea,181,60,,M
Changuk,Joo Changuk,7/25/2001,DRIPPIN,South Korea,184,59,,M
Dongyun,Kim Dongyun,2/18/2002,DRIPPIN,South Korea,177,61,,M
Minseo,Kim Minseo,5/13/2002,DRIPPIN,South Korea,177,53,,M
Alex,Alexander Schmidt Lee,10/6/2004,DRIPPIN,Germany,180,0,,M
Dongjun,Hwang Dongjun,9/7/1999,,South Korea,0,0,,M
Junhyung,Son Junhyung,10/21/2000,Ghost9,South Korea,0,0,,M
Kangsung,Lee Kangsung,8/8/2002,Ghost9,South Korea,0,0,,M
Junseong,Choi Junseong,9/29/2002,Ghost9,South Korea,170,55,,M
Prince,Pasidh Vataniyapromote,1/10/2003,Ghost9,Thailand,0,0,,M
Keeho,Yoon Kiho,9/27/2001,P1Harmony,Canada,0,0,,M
Jiung,Choi Jiwoong,10/7/2001,P1Harmony,South Korea,0,0,,M
Intak,Hwang Intak,8/31/2003,P1Harmony,South Korea,0,0,,M
Soul,Haku Shota,2/1/2005,P1Harmony,Japan,0,0,,M
Jongseob,Kim Jongseob,11/19/2005,P1Harmony,South Korea,173,0,,M
Jungwon,Yang Jungwon,2/9/2004,ENHYPEN,South Korea,0,0,,M
Jay,Park Jongsung,4/20/2002,ENHYPEN,South Korea,0,0,,M
Jake,Shim Jaeyoon,11/15/2002,ENHYPEN,South Korea,0,0,,M
Ni-Ki,Nishimura Riki,12/9/2005,ENHYPEN,Japan,0,0,,M
Heeseung,Lee Heeseung,10/15/2001,ENHYPEN,South Korea,0,0,,M
Sunghoon,Park Sunghoon,12/8/2002,ENHYPEN,South Korea,0,0,,M
Sunoo,Kim Sunwoo,6/24/2003,ENHYPEN,South Korea,0,0,,M
Shin,Kim Suhyun,3/18/2000,Ghost9,South Korea,0,0,,M
Theo,Choi Taeyang,7/1/2001,P1Harmony,South Korea,0,0,,M
E-Chan,Lee Changmin,2/19/1997,DKB,South Korea,178,63,,M
D1,Jang Dongil,2/15/1998,DKB,South Korea,174,59,,M
Teo,Jang Sungsik,10/22/1997,DKB,South Korea,177,64,,M
GK,Kim Kwanghyun,9/29/1998,DKB,South Korea,177,60,,M
Heechan,Yang Heechan,7/31/1999,DKB,South Korea,176,63,,M
Lune,Jung Sungmin,2/27/2000,DKB,South Korea,176,55,,M
Junseo,Hwang Junseo,1/16/2001,DKB,South Korea,182,67,,M
Yuku,Amanumu Yuku,5/12/2002,DKB,Japan,176,55,,M
Harry-June,Han Harry-June,1/1/2004,DKB,South Korea,178,61,,M
EunB,Byun Eunbi,11/23/2000,PRECIOUS,South Korea,164,49,Busan,F
Jihyo,Lee Jihyo,4/22/2001,PRECIOUS,South Korea,166,49,Gyeonggi,F
Hanwoom,Byun Hanwoom,6/5/2001,PRECIOUS,South Korea,160,43,Seoul,F
Lee Soo,Jin Isoo,6/27/2001,PRECIOUS,South Korea,163,47,Incheon,F
Hanbyul,Kyung Hanbyul,7/1/2005,PRECIOUS,South Korea,167,49,Seoul,F
Seoyoon,Kim Suyoung,1/26/1995,BOTOPASS,South Korea,0,0,,F
Cui Xiang,Cui Xiang,1/26/1995,BOTOPASS,China,0,0,,F
Jiwon,Park Jiwon,3/17/1997,BOTOPASS,South Korea,165,45,,F
Ria,Kuwayama Ria,2/3/1998,BOTOPASS,Japan,0,0,,F
Mihee,Lee Mihee,8/24/2000,BOTOPASS,South Korea,0,0,,F
Harin,Seo Harin,12/7/2000,BOTOPASS,South Korea,0,0,,F
Shiho,Kwon Subin,8/22/2001,BOTOPASS,South Korea,0,0,,F
Ahyoon,Choi Subin,10/23/2004,BOTOPASS,South Korea,0,0,,F
Eseo,Noh Hyunjung,3/4/1996,LUNARSOLAR,South Korea,161,0,,F
Taeryeong,Lim Jeongmin,12/27/2000,LUNARSOLAR,South Korea,0,0,,F
Jian,Kwon Jieun,3/14/2001,LUNARSOLAR,South Korea,0,0,,F
Yuuri,Tokunaga Yuuri,5/16/2001,LUNARSOLAR,Japan,0,0,,F
Sieun,Lee Sieun,9/19/1993,CHECKMATE,South Korea,163,0,,F
Suri,Kang Suri,10/11/1994,CHECKMATE,South Korea,168,0,,F
Nason,Kim Duyeop,6/12/1995,CHECKMATE,South Korea,0,0,,M
Yongseok,Choi Yongseok,5/23/1996,CHECKMATE,South Korea,0,0,,M
Noah,Hwang Seundae,3/18/1998,CHECKMATE,South Korea,0,0,,M
Karina,Yoo Jimin,4/11/2000,aespa,South Korea,167,45,Gyeonggi,F
Giselle,Uchinaga Aeri,10/30/2000,aespa,Japan,166,0,,F
Winter,Kim Minjung,1/1/2001,aespa,South Korea,0,0,Yangsan,F
Ningning,Ning Yizhuo,10/23/2002,aespa,China,165,43,Harbin,F
Juhyun,Cha Juhyun,4/1/2000,Bling Bling,South Korea,0,0,,F
Ayamy,Suzuki Ayami,7/15/2000,Bling Bling,Japan,0,0,,F
Jieun,Choi Jieun,3/3/2001,Bling Bling,South Korea,0,0,,F
Marin,Yasufuku Marin,3/17/2001,Bling Bling,Japan,0,0,Osaka,F
Narin,Lee Narin,10/29/2001,Bling Bling,South Korea,0,0,,F
Yubin,Kim Yubin,2/27/2002,Bling Bling,South Korea,166,47,,F
Sumin,Bae Sumin,3/13/2001,STAYC,South Korea,159,46,Pohang,F
Sieun,Park Sieun,8/1/2001,STAYC,South Korea,160,44,Seoul,F
Isa,Lee Chaeyoung,1/23/2002,STAYC,South Korea,165,45,Busan,F
Seeun,Yoon Seeun,6/14/2003,STAYC,South Korea,167,49,Pyeongtaek,F
Yoon,Shim Jayoon,4/14/2004,STAYC,South Korea,171,49,Gwangju,F
J,Jang Yeeun,12/9/2004,STAYC,South Korea,170,48,Daejeon,F
J-Min,Jeon Minwook,10/16/1999,BAE173,South Korea,0,0,,M
Yoojun,Jung Gun,12/27/2000,BAE173,South Korea,0,0,,M
Muzin,Kim Hyunwoo,3/29/2001,BAE173,South Korea,0,0,,M
Junseo,Park Junseo,12/28/2001,BAE173,South Korea,0,0,,M
Youngseo,Ryu Youngseo,6/13/2002,BAE173,South Korea,0,0,,M
Doha,Na Gyumin,3/7/2004,BAE173,South Korea,0,0,,M
Bit,No Minjae,7/21/2004,BAE173,South Korea,0,0,,M
Shotaro,Osaki Shotaro,11/25/2000,NCT,Japan,0,0,,M
Sungchan,Jung Sungchan,9/13/2001,NCT,South Korea,0,0,,M
SongSun,Kim Songsun,3/22/1997,TRI.BE,South Korea,0,0,,F
Kelly,Lin Kelly,1/16/2002,TRI.BE,Taiwan,0,0,Kaohsiung,F
Jinha,Kim Jinha,11/21/2003,TRI.BE,South Korea,0,0,,F
Hyunbin,Kim Hyunbin,5/26/2004,TRI.BE,South Korea,0,0,,F
Jia,Guo Jiajia,7/30/2005,TRI.BE,China,0,0,,F
Soeun,Bang Soeun,12/10/2005,TRI.BE,South Korea,0,0,,F
Mire,Su Mire,3/26/2006,TRI.BE,Japan,0,0,,F
Noah,Song Yubin,8/2/2000,T1419,South Korea,0,0,,M
Sian,Choi Changmin,2/1/2001,T1419,South Korea,0,0,,M
Kevin,Baek Seungbin,4/8/2001,T1419,South Korea,0,0,,M
Gunwoo,Kim Gunwoo,5/28/2002,T1419,South Korea,0,0,,M
Leo,Hayase Leo,10/8/2002,T1419,Japan,0,0,,M
On,Choi Juhwan,10/16/2002,T1419,South Korea,0,0,,M
Zero,Nasukawa Shota,1/20/2003,T1419,Japan,0,0,,M
Kairi,Imai Kairi,2/24/2003,T1419,Japan,0,0,,M
Kio,Udo Musashi,11/28/2004,T1419,South Korea,0,0,,M
Lola,Choi Yoojung,2/22/2001,Pixy,South Korea,169,0,,F
Satbyeol,Jeon Yujin,2/27/2001,Pixy,South Korea,165,0,,F
Dia,Choi Eunji,7/16/2001,Pixy,South Korea,165,0,,F
Sua,Choi Sooah,2/24/2003,Pixy,South Korea,162,44,,F
Dajeong,Jung Dajeong,7/31/2003,Pixy,South Korea,157,42,,F
Louis,Yang Dongsik,4/8/2001,Kingdom,South Korea,0,0,,M
Chiwoo,Guk Seungjun,9/2/2002,Kingdom,South Korea,0,0,,M
Ivan,Park Yooseong,10/12/2001,Kingdom,South Korea,0,0,,M
Mujin,Ko Sungho,11/20/2000,Kingdom,South Korea,0,0,,M
Jahan,Im Jihun,8/1/2002,Kingdom,South Korea,0,0,,M
Eric,Moon Junghyuk,2/16/1979,Shinhwa,South Korea,180,70,Seoul,M
Minwoo,Lee Minwoo,7/28/1979,Shinhwa,South Korea,172,60,Namwon,M
Dongwan,Kim Dongwan,11/21/1979,Shinhwa,South Korea,173,68,Pohang,M
Shin Hyesung,Jung Pilkyo,11/27/1979,Shinhwa,South Korea,179,65,Seoul,M
Jun Jin,Park Choongjae,8/19/1980,Shinhwa,South Korea,182,75,Seoul,M
Andy,Lee Sunho,1/21/1981,Shinhwa,South Korea,175,62,Seoul,M
Sangah,Yoo Sangah,9/4/2002,LIGHTSUM,South Korea,168,0,Incheon,F
Chowon,Han Chowon,9/16/2002,LIGHTSUM,South Korea,168,50,Seoul,F
Nayoung,Kim Nayoung,11/30/2002,LIGHTSUM,South Korea,154,43,Chuncheon,F
Hina,Nagai Hina,4/7/2003,LIGHTSUM,Japan,0,0,Kanagawa,F
Juhyeon,Lee Juhyeon,4/8/2004,LIGHTSUM,South Korea,171,48,,F
Yujeong,Lee Yujeong,6/14/2004,LIGHTSUM,South Korea,160,41,,F
Huiyeon,Oh Huiyeon,8/1/2005,,South Korea,0,0,,F
Jian,Kim Jian,11/4/2006,,South Korea,0,0,,F
Ida,Ko Chaeyoung,5/19/2000,MAJORS,South Korea,163,43,,F
Vita,Kim Jimin,2/3/2000,MAJORS,South Korea,168,54,,F
Aki,Jang Minju,2/12/2001,MAJORS,South Korea,168,48,,F
Suzy,Kim Suji,6/3/2001,MAJORS,South Korea,164,45,,F
Shinye,Kam Yerim,3/7/2004,MAJORS,South Korea,166,46,,F
Tan,Choi Seokwon,8/25/1996,Ciipher,South Korea,184,75,,M
Hwi,Lee Choonghyun,2/4/1999,Ciipher,South Korea,172,61,,M
Hyunbin,Moon Hyunbin,2/26/2000,Ciipher,South Korea,177,61,,M
Keita,Terazono Keita,7/4/2001,Ciipher,Japan,170,59,,M
TAG,Yeom Taekyun,9/30/2002,Ciipher,South Korea,176,54,,M
Dohwan,Gil Dohwan,8/26/2003,Ciipher,South Korea,175,61,,M
Lien,Shimada Sho,3/11/1998,Mirae,Japan,0,0,Osaka,M
Junhyuk,Lee Junhyuk,5/16/2000,Mirae,South Korea,180,63,Seoul,M
Douhyun,Yoo Douhyun,12/25/2000,Mirae,South Korea,0,0,,M
Khael,Lee Sangmin,1/18/2002,Mirae,South Korea,178,58,,M
Siyoung,Park Siyoung,5/6/2003,Mirae,South Korea,172,55,,M
Yubin,Jang Yubin,6/10/2004,Mirae,South Korea,0,0,,M
Juhan,Hong Seunghyun,6/21/2001,BLITZERS,South Korea,0,0,,M
Jinhwa,Choi Jinhwa,1/15/2002,BLITZERS,South Korea,180,64,,M
Sya,Lee Junyoung,9/9/2002,BLITZERS,South Korea,0,0,,M
Lutan,Choi Gyeongseok,12/6/2003,BLITZERS,South Korea,0,0,,M
Wooju,Cho Wooju,1/21/2004,BLITZERS,South Korea,0,0,,M
Go_U,Jang Junho,6/15/2001,BLITZERS,South Korea,0,0,,M
Chris,Han Chris,11/19/2002,BLITZERS,South Korea,0,0,,M
Mayna,Shaoxi Mengna,5/12/2000,HOT ISSUE,China,170,47,,F
Nahyun,Kang Nahyun,1/25/2002,HOT ISSUE,South Korea,0,0,,F
Hyeongshin,Kim Hyungshin,5/3/2002,HOT ISSUE,South Korea,0,0,,F
Dana,Jang Dana,12/25/2003,HOT ISSUE,South Korea,0,0,,F
Yewon,Park Yewon,1/11/2004,HOT ISSUE,South Korea,0,0,,F
Yebin,Kim Yebin,11/1/2004,HOT ISSUE,South Korea,0,0,,F
Dain,Jung Dain,12/15/2004,HOT ISSUE,South Korea,0,0,,F
Momoka,Matsuda Momoka,12/26/2000,Pink Fantasy,Japan,152,0,,F
Miku,Katae Miku,10/9/2002,Pink Fantasy,Japan,0,0,,F
Mint,Kunpat Phonpawiworakun,6/23/1994,Tiny-G,Thailand,150,42,,F
Dohee,Min Dohee,9/25/1994,Tiny-G,South Korea,152,39,,F
J.Min,Shin Minjung,11/20/1994,Tiny-G,South Korea,155,0,,F
Myungji,Kim Myungji,10/9/1997,Tiny-G,South Korea,164,0,,F
Andy,Lui Chunyeung,10/6/1994,7 O'clock,Hong Kong,0,0,,M
Hangyeom,Song Hangyeom,7/17/1996,OMEGA X,South Korea,0,0,,M
Hyun,Park Sunghyun,8/25/1997,7 O'clock,South Korea,176,58,Suwon,M
2Soul,Kim Younghoon,9/10/1997,7 O'clock,South Korea,172,55,,M
Jeonggyu,Lim Jeonggyu,11/5/1997,7 O'clock,South Korea,181,62,,M
Taeyoung,Kim Taeyoung,6/18/1999,7 O'clock,South Korea,0,0,,M
Rui,Jang Rui,3/7/2000,7 O'clock,South Korea,178,63,Seoul,M
Geonu,Lee Geonwoo,2/2/2001,JUST B,South Korea,176,0,,M
Bain,Song Byeonghee,5/4/2001,JUST B,South Korea,0,0,,M
Lim Jimin,Lim Jimin,5/22/2001,JUST B,South Korea,178,59,,M
JM,Chu Jimin,10/11/2001,JUST B,South Korea,173,0,,M
Sangwoo,Kim Sangwoo,9/3/2002,JUST B,South Korea,0,0,,M
E.Ji,Choi Jiwon,11/8/2000,ICHILLIN',South Korea,0,0,,F
Jackie,Kang Chaeyeon,11/17/2001,ICHILLIN',South Korea,0,0,Los Angeles,F
Joonie,Park Junhee,5/24/2002,ICHILLIN',South Korea,0,0,,F
Chaerin,Park Chaerin,3/31/2003,ICHILLIN',South Korea,0,0,,F
Sohee,Uhm Sohee,1/1/2004,ICHILLIN',South Korea,0,0,,F
Yeju,Kim Yeju,2/1/2004,ICHILLIN',South Korea,0,0,,F
Chowon,Kim Chowon,8/18/2005,ICHILLIN',South Korea,0,0,,F
Steven,Kim Steven,1/17/2000,Luminous,South Korea,176,57,Sydney,M
Suil,Ma Suil,3/30/1999,Luminous,South Korea,170,50,Gwangju,M
Youngbin,Jeong Youngbin,10/5/1998,Luminous,South Korea,172,55,Seongju,M
Woobin,Jeong Woobin,4/1/2000,Luminous,South Korea,0,0,Busan,M
Eunchae,Son Eunchae,10/6/1999,bugAboo,South Korea,154,38,Pohang,F
Yoona,Ogura Yuuna,10/13/2000,bugAboo,Japan,0,0,Sapporo,F
Rainie,Chu Chingyu,11/16/2000,bugAboo,Taiwan,0,0,,F
Cyan,Lee Chaeeun,4/4/2001,bugAboo,South Korea,0,0,Sanbon,F
Choyeon,Kim Choyeon,8/1/2001,bugAboo,South Korea,164,44,,F
Zin,Jin Hyunbin,8/31/2001,bugAboo,South Korea,0,0,,F
Moon Sua,Moon Sua,9/9/1999,Billlie,South Korea,167,47,Cheongju,F
Suhyeon,Kim Suhyun,1/15/2000,Billlie,South Korea,161,45,Daegu,F
Haram,Kim Haram,1/13/2001,Billlie,South Korea,161,45,,F
Tsuki,Fukutomi Tsuki,9/21/2002,Billlie,Japan,0,0,,F
Siyoon,Kim Siyoon,2/16/2005,Billlie,South Korea,168,0,,F
Haruna,Osato Haruna,1/30/2006,Billlie,Japan,0,0,,F
Wish,Kwak Dawit,6/11/2002,EPEX,South Korea,184,69,,M
Keum,Keum Donghyun,5/14/2003,EPEX,South Korea,176,57,Okcheon,M
Mu,Suh Kyungmin,9/14/2003,EPEX,South Korea,184,63,,M
A-min,Cho Minwoo,5/22/2004,EPEX,South Korea,175,54,Namyangju,M
Baek Seung,Kim Hyunwoo,10/5/2004,EPEX,South Korea,186,64,Seoul,M
Ayden,Kwon Yejun,1/24/2005,EPEX,South Korea,174,55,,M
Yewang,Seo Yewang,3/12/2005,EPEX,South Korea,180,64,,M
Jeff,Lee Jaeho,4/21/2005,EPEX,South Korea,179,61,,M
Youngheun,Go Youngheun,11/20/1994,Blackswan,South Korea,0,0,,F
Fatou,Fatou Samba,3/23/1995,Blackswan,Belgium,173,0,Yoff,F
Judy,Kim Dahye,5/16/1995,Blackswan,South Korea,0,0,,F
Leia,Larissa Kartes,5/14/2001,Blackswan,Brazil,0,0,Curitiba,F
Lee Jin,Shim Yerin,3/12/2001,Hi-L,South Korea,0,0,,F
Soojung,Hwang Soojung,5/10/2001,Hi-L,South Korea,169,47,Yongin,F
Dakyung,Jung Dakyung,7/23/2001,Hi-L,South Korea,0,0,,F
JooA,Lee Juhyun,3/4/2002,Hi-L,South Korea,173,0,,F
Hayun,Choi Hayun,1/16/2004,Hi-L,South Korea,0,0,Seoul,F
Yeseul,Kim Yeseul,3/24/2004,Hi-L,South Korea,0,0,,F
Sullyoon,Seol Yoona,1/26/2004,NMIXX,South Korea,0,0,,F
Jinni,Choi Yujin,4/16/2004,NMIXX,South Korea,0,0,,F
Bae,Bae Jinsol,12/28/2004,NMIXX,South Korea,0,0,,F
Jiwoo,Kim Jiwoo,4/13/2005,NMIXX,South Korea,0,0,,F
Kyujin,Jang Kyujin,5/26/2006,NMIXX,South Korea,0,0,,F
Mashiro,Sakamoto Mashiro,12/16/1999,Kep1er,Japan,157,0,,F
Hikaru,Ezaki Hikaru,3/12/2004,Kep1er,Japan,155,0,,F
Youngeun,Seo Youngeun,12/27/2004,Kep1er,South Korea,159,0,,F
Dayeon,Kim Dayeon,3/2/2003,Kep1er,South Korea,158,0,,F
Chaehyun,Kim Chaehyun,4/26/2002,Kep1er,South Korea,160,0,,F
Bahiyyih,Huening Bahiyyih,7/27/2004,Kep1er,USA,166,0,,F
XiaoTing,Shen Xiao Ting,11/12/1999,Kep1er,China,168,0,,F
Sheon,Kim Suyeon,1/28/2003,Billlie,South Korea,162,0,,F
Gaeul,Kim Gaeul,9/24/2002,IVE,South Korea,166,46,Incheon,F
Rei,Naoi Rei,2/3/2004,IVE,Japan,169,47,,F
Liz,Kim Jiwon,11/21/2004,IVE,South Korea,170,49,,F
Leeseo,Lee Hyunseo,2/21/2007,IVE,South Korea,170,48,,F
Sitala,Sitala Wongkrachang,4/23/1996,,Thailand,173,0,,F
Seoi,Lee Yejin,2/12/2000,H1-KEY,South Korea,169,0,,F
Riina,Lee Seunghyeon,2/21/2001,H1-KEY,South Korea,172,55,,F
Yel,Han Shinyoung,12/25/2004,H1-KEY,South Korea,172,0,,F
Hanbin,Ngo Ngoc Hung,1/19/1998,TEMPEST,Vietnam,176,0,,M
Hyungseop,Ahn Hyungseop,8/9/1999,TEMPEST,South Korea,173,58,,M
Hyuk,Koo Bonhyuk,4/17/2000,TEMPEST,South Korea,0,0,,M
Lew,Lee Euiwoong,4/5/2001,TEMPEST,South Korea,170,55,,M
Hwarang,Son Jaewon,4/23/2001,TEMPEST,South Korea,179,61,,M
Eunchan,Choi Byeongseop,2/27/2001,TEMPEST,South Korea,184,0,,M
Taerae,Kim Taerae,9/5/2002,TEMPEST,South Korea,0,0,,M
Hana,Hayase Hana,2/27/2000,ILY:1,Japan,165,0,,F
Ara,Lee Yunji,1/23/2002,ILY:1,South Korea,158,0,,F
Rona,Chang Ching,6/5/2002,ILY:1,Taiwan,165,0,Taipei,F
Ririka,Kishida Ririka,7/2/2002,ILY:1,Japan,162,0,,F
Nayu,Kim Yewon,7/23/2002,ILY:1,South Korea,0,0,,F
Elva,Lee Yonghwa,5/5/2003,ILY:1,South Korea,0,0,,F
Lily,Lily Jin Morrow,10/17/2002,NMIXX,Australia,0,0,Marysville,F
Haewon,Oh Haewon,2/25/2003,NMIXX,South Korea,0,0,,F
Alice,Cheon Jaeyoung,2/20/2002,TRACER,South Korea,0,0,,F
Genie,Cho Heejin,3/19/2002,TRACER,South Korea,0,0,,F
Sowon,Nam Soeun,12/13/2004,TRACER,South Korea,0,0,,F
Yubeen,Jin Yubeen,9/5/2006,TRACER,South Korea,0,0,,F
Jimin,Won Jimin,11/25/2007,CLASS:y,South Korea,171,0,,F
Seonyu,Kim Seonyu,3/20/2008,CLASS:y,South Korea,159,0,,F
Hyeju,Hong Hyeju,12/9/2003,CLASS:y,South Korea,166,0,Seoul,F
Riwon,Kim Riwon,1/11/2007,CLASS:y,South Korea,156,0,,F
Boeun,Park Boeun,2/11/2008,CLASS:y,South Korea,155,0,,F
Chaewon,Yoon Chaewon,6/4/2003,CLASS:y,South Korea,163,0,,F
DK,Kim Dokyun,2/16/1998,BLANK2Y,South Korea,0,0,,M
Siwoo,Park Siwoo,2/5/2001,BLANK2Y,South Korea,174,54,,M
Mikey,Morisaki Daisuke,5/5/2001,BLANK2Y,Japan,176,58,Hyogo,M
U,Sun Hengyu,6/22/2001,BLANK2Y,China,0,0,,M
Youngbin,Lee Youngbin,11/23/2001,BLANK2Y,South Korea,0,0,,M
Sungjun,Lee Sungjun,6/15/2002,BLANK2Y,South Korea,0,0,,M
Sodam,Park Sodam,11/26/2004,BLANK2Y,South Korea,0,0,,M
Eden,Jae Won,3/27/1998,NINE.i,South Korea,0,0,,M
Winnie,,11/18/1998,NINE.i,Thailand,0,0,,M
Jewon,Woo Jewon,11/28/1998,NINE.i,South Korea,170,55,,M
Minjun,Kim Minjun,2/26/1999,NINE.i,South Korea,0,0,,M
Vahn,Kim Jungwoo,5/7/1999,NINE.i,South Korea,175,58,,M
Vari,Jae Hyun,9/3/2000,NINE.i,South Korea,0,0,,M
Seowon,Seo Won,12/18/2000,NINE.i,South Korea,0,0,,M
Taehun,Lee Taehoon,3/21/2000,NINE.i,South Korea,0,0,,M
Joohyoung,Kim Joohyoung,3/15/2003,NINE.i,South Korea,0,0,,M
Jiho,Jang Jiho,8/10/2004,NINE.i,South Korea,0,0,Gyeonggi,M
Eunho,Myung Eunho,3/25/2001,YOUNITE,South Korea,0,0,,M
Steve,Lim Dohyun,3/9/2002,YOUNITE,South Korea,0,0,Los Angeles,M
Hyunseung,Kim Hyunseung,10/15/2002,YOUNITE,South Korea,0,0,,M
Hyungseok,Song Hyungseok,11/6/2002,YOUNITE,South Korea,0,0,,M
Woono,Song Wonho,4/5/2003,YOUNITE,South Korea,0,0,,M
Dey,Kim Sehyun,6/11/2003,YOUNITE,South Korea,0,0,,M
Kyungmun,Lim Kyungmun,6/29/2003,YOUNITE,South Korea,0,0,,M
Sion,Kim Sion,10/19/2004,YOUNITE,South Korea,0,0,,M
Yunjin,Huh Yunjin,10/8/2001,LE SSERAFIM,South Korea,171,53,,F
Kazuha,Nakamura Kazuha,8/9/2003,LE SSERAFIM,Japan,174,0,Osaka,F
Garam,Kim Garam,11/16/2005,,South Korea,170,0,,F
Eunchae,Hong Eunchae,11/10/2006,LE SSERAFIM,South Korea,172,0,,F
EJ,Kim Eunji,8/13/1997,ALICE,South Korea,164,47,,F
Chaejeong,Lee Chaejeong,8/26/1999,ALICE,South Korea,164,48,,F
Via,Kim Via,8/17/2000,FANATICS,South Korea,165,46,Busan,F
Rayeon,Lee Rayeon,11/24/2001,FANATICS,South Korea,167,45,Gwangju,F
Chanty,Maria Chantal Videla,12/15/2002,Lapillus,Philippines,170,0,Manila,F
Shana,Nonaka Shana,3/13/2003,Lapillus,Japan,158,0,Kochi,F
Yue,Nancy Yang,7/3/2004,Lapillus,USA,163,48,,F
Bessie,Kim Susanna,7/15/2004,Lapillus,South Korea,0,0,Changwon,F
Seowon,Jang Seowon,12/5/2006,Lapillus,South Korea,0,0,Gwangju,F
Haeun,Lim Haeun,11/2/2008,Lapillus,South Korea,0,0,,F
Hwiseo,Jo Hwihyeon,7/31/2002,H1-KEY,South Korea,168,0,,F
Kyungjun,Woo Kyungjun,8/30/2002,TNX,South Korea,0,0,,M
Taehun,Choi Taehun,11/19/2002,TNX,South Korea,0,0,,M
Hyunsoo,Jang Hyunsoo,9/16/2003,TNX,South Korea,0,0,,M
Junheok,Cheon Junheok,9/20/2004,TNX,South Korea,0,0,Hwaseong,M
Eun Hwi,Eun Hwi,11/11/2004,TNX,South Korea,178,0,,M
Sungjun,Oh Sungjun,8/30/2005,TNX,South Korea,0,0,Dalcheon,M
Junseok,Oh Junseok,3/3/2003,ATBO,South Korea,0,0,Jeju,M
Junmin,Ryu Junmin,4/5/2003,ATBO,South Korea,0,0,,M
Hyunjun,Bae Hyunjun,6/6/2003,ATBO,South Korea,0,0,Seoul,M
Rakwon,Seok Rakwon,11/14/2003,ATBO,South Korea,0,0,,M
Seunghwan,Jeong Seunghwan,1/27/2004,ATBO,South Korea,0,0,Busan,M
Yeonkyu,Kim Yeonkyu,5/3/2004,ATBO,South Korea,0,0,Seoul,M
Won Bin,Won Bin,7/1/2004,ATBO,South Korea,0,0,Goyang,M
Jia,Yoon Jia,1/16/2004,mimiimiii,South Korea,166,0,Incheon,F
Yooyeon,Kim Yooyeon,2/9/2001,tripleS,South Korea,164,46,Seoul,F
Seoyeon,Yoon Seoyeon,8/6/2003,tripleS,South Korea,0,0,,F
Jiwoo,Lee Jiwoo,10/24/2005,tripleS,South Korea,0,0,,F
Hyerin,Jeong Hyerin,4/12/2007,tripleS,South Korea,0,0,,F
Minji,Kim Minji,5/7/2004,NewJeans,South Korea,169,0,Yeongwol,F
Hanni,Pham Ngoc Han,10/6/2004,NewJeans,Vietnam,162,0,Melbourne,F
Danielle,Mo Jihye,4/11/2005,NewJeans,South Korea,165,0,Munsan,F
Haerin,Kang Haerin,5/15/2006,NewJeans,South Korea,165,0,Gimcheon,F
Hyein,Lee Hyein,4/21/2008,NewJeans,South Korea,170,0,Incheon,F
